94704000166
94704000172
94704000333
94704000354
94704000462
94704000515
94704000703
94704000778
94704000898
94704001000
94704001037
94704001300
94704001354
94704001522
94704001587
94704001751
94704001851
94704001890
94704001913
94704002020
94704002113
94704002114
94704002157
94704002310
94704002336
94704002341
94704002346
94704002466
94704002519
94704002594
94704002619
94704002672
94704002791
94704002888
94704002897
94704003004
94704003066
94704003146
94704003521
94704003664
94704003804
94704003931
94704003953
94704004019
94704004028
94704004052
94704004056
94704004091
94704004239
94704004461
94704004518
94704004671
94704004705
94704004846
94704004869
94704004965
94704005036
94704005062
94704005133
94704005262
94704005288
94704005308
94704005349
94704005418
94704005431
94704005452
94704005475
94704005878
94704005899
94704006073
94704006298
94704006456
94704006489
94704006491
94704006512
94704006792
94704006883
94704006990
94704007083
94704007159
94704007160
94704007257
94704007306
94704007351
94704007472
94704007578
94704007637
94704007789
94704007888
94704008055
94704008126
94704008243
94704008279
94704008287
94704008325
94704008352
94704008360
94704008439
94704008482
94704008508
94704008526
94704008640
94704008862
94704008924
94704009190
94704009237
94704009288
94704009295
94704009382
94704009389
94704009416
94704009515
94704009681
94704009745
94704010396
94704010425
94704010561
94704010635
94704010652
94704010715
94704010805
94704010838
94704010843
94704010989
94704011003
94704011156
94704011259
94704011272
94704011323
94704011338
94704011340
94704011341
94704011353
94704011420
94704011595
94704011610
94704011708
94704011854
94704011985
94704012064
94704012095
94704012122
94704012191
94704012301
94704012488
94704012492
94704012517
94704012531
94704012634
94704012764
94704012802
94704012830
94704012867
94704012891
94704012968
94704013021
94704013050
94704013340
94704013562
94704013580
94704013610
94704014035
94704014069
94704014221
94704014237
94704014433
94704014512
94704014528
94704014593
94704014612
94704014650
94704014927
94704015278
94704015436
94704015448
94704015461
94704015478
94704015578
94704015618
94704015824
94704015922
94704016163
94704016227
94704016239
94704016378
94704016425
94704016537
94704016685
94704016749
94704016758
94704016769
94704016825
94704016850
94704016913
94704016956
94704017081
94704017147
94704017206
94704017211
94704017387
94704017493
94704017639
94704017702
94704017766
94704017833
94704018049
94704018108
94704018211
94704018266
94704018275
94704018397
94704018488
94704018628
94704018772
94704019280
94704019300
94704019332
94704019341
94704019441
94704019444
94704019446
94704019450
94704019457
94704019790
94704019794
94704019821
94704020006
94704020232
94704020247
94704020492
94704020567
94704020578
94704020702
94704020872
94704021153
94704021218
94704021293
94704021296
94704021348
94704021373
94704021447
94704021463
94704021517
94704021696
94704021765
94704021807
94704022056
94704022116
94704022174
94704022185
94704022853
94704022957
94704022979
94704023083
94704023203
94704023305
94704023365
94704023488
94704023601
94704023718
94704023742
94704023852
94704023957
94704024140
94704024284
94704024417
94704024507
94704024822
94704025060
94704025236
94704025268
94704025322
94704025429
94704025547
94704025656
94704025863
94704025905
94704026076
94704026442
94704026450
94704026509
94704026593
94704026618
94704026687
94704026721
94704026803
94704026859
94704026913
94704026929
94704027011
94704027059
94704027114
94704027156
94704027177
94704027406
94704027430
94704027457
94704027592
94704027668
94704027765
94704027845
94704028148
94704028461
94704028544
94704028658
94704028795
94704028850
94704028916
94704028928
94704029081
94704029341
94704029489
94704029522
94704029621
94704029666
94704029799
94704029831
94704029880
94704030264
94704030295
94704030310
94704030425
94704030552
94704030639
94704030806
94704030996
94704031095
94704031402
94704031586
94704031614
94704031626
94704031725
94704031900
94704031915
94704031923
94704031929
94704032014
94704032191
94704032204
94704032309
94704032654
94704033066
94704033126
94704033176
94704033313
94704033442
94704033496
94704033533
94704033777
94704033839
94704033863
94704034218
94704034287
94704034484
94704034590
94704034624
94704034940
94704034949
94704035077
94704035184
94704035380
94704035392
94704035437
94704035452
94704035478
94704035497
94704035589
94704035759
94704035846
94704035999
94704036021
94704036025
94704036026
94704036048
94704036125
94704036129
94704036503
94704036549
94704036602
94704036608
94704036617
94704036691
94704036710
94704036736
94704036822
94704036908
94704037005
94704037098
94704037157
94704037215
94704037230
94704037443
94704037474
94704037555
94704037665
94704038014
94704038130
94704038235
94704038247
94704038297
94704038354
94704038501
94704038633
94704038653
94704038717
94704038816
94704038817
94704038898
94704038933
94704039071
94704039099
94704039135
94704039137
94704039299
94704039377
94704039399
94704039433
94704039667
94704039691
94704039807
94704039866
94704039868
94704039904
94704039954
94704040279
94704040408
94704040425
94704040559
94704040698
94704040809
94704041035
94704041062
94704041107
94704041259
94704041315
94704041495
94704041543
94704041561
94704041582
94704041689
94704041696
94704041726
94704041780
94704041938
94704042055
94704042151
94704042288
94704042333
94704042344
94704042345
94704042559
94704042643
94704042665
94704042688
94704042729
94704042770
94704042862
94704043254
94704043281
94704043284
94704043344
94704043445
94704043588
94704043620
94704043721
94704043751
94704043764
94704043877
94704043911
94704044038
94704044126
94704044152
94704044278
94704044467
94704044515
94704044710
94704044829
94704044891
94704044980
94704044999
94704045274
94704045277
94704045334
94704045390
94704045507
94704045529
94704045603
94704045631
94704045644
94704045735
94704045739
94704045800
94704045901
94704046164
94704046182
94704046232
94704046248
94704046341
94704046354
94704046371
94704046442
94704046588
94704046717
94704046768
94704046862
94704046929
94704047046
94704047165
94704047180
94704047461
94704047476
94704047525
94704047777
94704047860
94704047964
94704047990
94704048139
94704048305
94704048380
94704048601
94704048747
94704048972
94704049060
94704049113
94704049358
94704049371
94704049664
94704049765
94704049802
94704049805
94704049879
94704049883
94704049951
94704049977
94704050096
94704050099
94704050201
94704050243
94704050517
94704050530
94704050545
94704050594
94704050598
94704050643
94704050662
94704050748
94704050758
94704050807
94704050826
94704051043
94704051142
94704051241
94704051495
94704051497
94704051591
94704051599
94704051738
94704051773
94704051792
94704051827
94704051902
94704051905
94704051980
94704052166
94704052264
94704052270
94704052295
94704052328
94704052356
94704052410
94704052449
94704052503
94704052554
94704052597
94704052635
94704052636
94704052685
94704052701
94704052720
94704052904
94704052905
94704052974
94704053028
94704053049
94704053113
94704053121
94704053231
94704053253
94704053264
94704053279
94704053292
94704053351
94704053409
94704053418
94704053433
94704053564
94704053626
94704053689
94704053849
94704053979
94704054106
94704054171
94704054219
94704054316
94704054420
94704054603
94704054733
94704054786
94704054793
94704054824
94704054932
94704054983
94704055000
94704055043
94704055338
94704055453
94704055459
94704055830
94704056033
94704056072
94704056075
94704056094
94704056167
94704056402
94704056578
94704056580
94704056617
94704056697
94704056766
94704056816
94704056860
94704056903
94704057048
94704057071
94704057184
94704057243
94704057279
94704057305
94704057365
94704057379
94704057393
94704057418
94704057567
94704057607
94704057692
94704057731
94704057753
94704057815
94704057822
94704058028
94704058074
94704058160
94704058259
94704058337
94704058461
94704058524
94704058587
94704058806
94704058808
94704058893
94704058938
94704058987
94704059009
94704059016
94704059026
94704059133
94704059183
94704059301
94704059418
94704059429
94704059607
94704059659
94704059763
94704059827
94704059829
94704059897
94704059972
94704059985
94704060008
94704060011
94704060204
94704060215
94704060386
94704060527
94704060873
94704060915
94704061036
94704061058
94704061220
94704061374
94704061450
94704061507
94704061528
94704061582
94704061626
94704061894
94704062119
94704062137
94704062289
94704062324
94704062555
94704062594
94704062597
94704062609
94704062624
94704062785
94704062818
94704062918
94704063117
94704063217
94704063305
94704063374
94704063475
94704063621
94704063719
94704063742
94704063837
94704063843
94704063910
94704064000
94704064319
94704064916
94704065248
94704065268
94704065520
94704065523
94704065559
94704065609
94704065629
94704065753
94704065774
94704065851
94704065926
94704066120
94704066250
94704066337
94704066464
94704066482
94704066665
94704066904
94704067136
94704067317
94704067336
94704067395
94704067426
94704067427
94704067482
94704067913
94704067997
94704068379
94704068738
94704068761
94704068859
94704068890
94704068958
94704069070
94704069073
94704069375
94704069411
94704069566
94704069593
94704069623
94704069626
94704069917
94704069974
94704070398
94704070475
94704070653
94704070746
94704070884
94704071163
94704071171
94704071203
94704071283
94704071316
94704071372
94704071427
94704071481
94704071567
94704071623
94704071660
94704071697
94704071715
94704071803
94704071816
94704071914
94704072205
94704072427
94704072688
94704072691
94704072856
94704073088
94704073140
94704073217
94704073221
94704073427
94704073520
94704073545
94704073630
94704073664
94704073698
94704073995
94704074008
94704074015
94704074101
94704074234
94704074353
94704074628
94704074817
94704074895
94704075018
94704075337
94704075598
94704075632
94704075681
94704075707
94704075857
94704075989
94704076078
94704076203
94704076273
94704076418
94704076670
94704076788
94704076886
94704076988
94704077000
94704077130
94704077233
94704077281
94704077295
94704077373
94704077388
94704077459
94704077462
94704077488
94704077555
94704077801
94704077930
94704077962
94704078014
94704078183
94704078185
94704078215
94704078265
94704078303
94704078449
94704078550
94704078558
94704078559
94704078760
94704078891
94704078918
94704079357
94704079405
94704079437
94704079534
94704079586
94704079760
94704080329
94704080346
94704080446
94704080608
94704080617
94704080781
94704080821
94704080913
94704081027
94704081038
94704081121
94704081161
94704081364
94704081385
94704081503
94704081512
94704081535
94704081718
94704081813
94704081859
94704081967
94704081995
94704082011
94704082081
94704082107
94704082207
94704082389
94704082490
94704082543
94704082634
94704082715
94704082872
94704083035
94704083111
94704083223
94704083280
94704083385
94704083423
94704083526
94704083724
94704083886
94704084040
94704084289
94704084381
94704084474
94704084621
94704084733
94704084764
94704084805
94704084871
94704084912
94704084959
94704084965
94704084984
94704085058
94704085059
94704085145
94704085179
94704085250
94704085367
94704085438
94704085462
94704085488
94704085509
94704085510
94704085658
94704085698
94704085737
94704085744
94704085967
94704086090
94704086196
94704086287
94704086345
94704086540
94704086564
94704086565
94704086808
94704086825
94704087575
94704087777
94704087788
94704087882
94704088134
94704088210
94704088224
94704088489
94704088511
94704088578
94704088589
94704088741
94704088949
94704088982
94704089009
94704089024
94704089059
94704089204
94704089373
94704089426
94704089478
94704089686
94704089729
94704089792
94704089823
94704089870
94704089961
94704089966
94704090021
94704090176
94704090233
94704090294
94704090612
94704090823
94704090834
94704091099
94704091196
94704091350
94704091456
94704091600
94704091688
94704091829
94704091912
94704092292
94704092307
94704092353
94704092411
94704092464
94704092500
94704092550
94704092602
94704092668
94704092726
94704092924
94704093009
94704093057
94704093108
94704093296
94704093344
94704093411
94704093487
94704093540
94704093604
94704093626
94704093745
94704093751
94704093775
94704093778
94704093794
94704093862
94704093930
94704094075
94704094111
94704094372
94704094392
94704094445
94704094608
94704094664
94704094725
94704094882
94704094900
94704094921
94704094956
94704095012
94704095087
94704095314
94704095423
94704095530
94704095540
94704095550
94704095575
94704095624
94704095645
94704095672
94704095719
94704095725
94704095794
94704095816
94704095869
94704095949
94704096067
94704096170
94704096232
94704096335
94704096418
94704096623
94704096703
94704097022
94704097036
94704097184
94704097287
94704097297
94704097318
94704097358
94704097531
94704097541
94704097584
94704097609
94704097656
94704097842
94704098043
94704098100
94704098186
94704098268
94704098371
94704098373
94704098438
94704098507
94704098640
94704098830
94704098866
94704099018
94704099077
94704099281
94704099289
94704099404
94704099565
94704099567
94704099573
94704099639
94704099713
94704099753
94704099972
94704100024
94704100086
94704100121
94704100130
94704100157
94704100223
94704100328
94704100610
94704100884
94704100895
94704100940
94704100944
94704100972
94704101008
94704101132
94704101245
94704101248
94704101475
94704101623
94704101696
94704101713
94704101732
94704101826
94704101838
94704101971
94704102003
94704102112
94704102267
94704102464
94704102476
94704103038
94704103103
94704103133
94704103344
94704103425
94704103501
94704103515
94704103679
94704103692
94704103786
94704103792
94704103857
94704103971
94704104176
94704104380
94704104410
94704104518
94704104916
94704105092
94704105097
94704105132
94704105139
94704105322
94704105353
94704105445
94704105481
94704105718
94704105826
94704105973
94704106020
94704106117
94704106118
94704106425
94704106528
94704106544
94704106680
94704106720
94704106743
94704106750
94704106877
94704107103
94704107176
94704107342
94704107407
94704107698
94704107719
94704107753
94704107760
94704107769
94704107820
94704108089
94704108279
94704108308
94704108386
94704108435
94704108450
94704108586
94704108745
94704108879
94704109080
94704109160
94704109221
94704109225
94704109227
94704109241
94704109458
94704109459
94704109497
94704109534
94704109708
94704109748
94704109793
94704109908
94704110036
94704110121
94704110209
94704110361
94704110454
94704110464
94704110602
94704110669
94704110684
94704110810
94704110827
94704110860
94704110864
94704110869
94704111064
94704111350
94704111450
94704111463
94704111870
94704112042
94704112188
94704112199
94704112277
94704112346
94704112390
94704112427
94704112529
94704112569
94704112703
94704112723
94704112742
94704112837
94704112875
94704113081
94704113108
94704113167
94704113322
94704113343
94704113371
94704113375
94704113396
94704113406
94704113485
94704113517
94704113524
94704113526
94704113609
94704113616
94704113655
94704113769
94704113812
94704113857
94704113908
94704113915
94704113935
94704113945
94704114006
94704114009
94704114072
94704114087
94704114377
94704114703
94704114705
94704114733
94704114742
94704114827
94704114906
94704114932
94704114987
94704114995
94704115075
94704115076
94704115127
94704115474
94704115551
94704115698
94704115721
94704115795
94704115906
94704115908
94704116238
94704116490
94704116616
94704116678
94704116692
94704116772
94704116909
94704116929
94704116962
94704116997
94704117027
94704117065
94704117200
94704117229
94704117310
94704117413
94704117478
94704117561
94704117650
94704117683
94704118089
94704118231
94704118243
94704118268
94704118276
94704118427
94704118697
94704118763
94704118931
94704118947
94704118997
94704119011
94704119058
94704119632
94704119693
94704119721
94704120028
94704120165
94704120185
94704120212
94704120305
94704120347
94704120499
94704120728
94704120735
94704120897
94704121104
94704121139
94704121196
94704121243
94704121273
94704121313
94704121381
94704121397
94704121421
94704121489
94704121515
94704121645
94704121649
94704121722
94704121751
94704121759
94704121778
94704121811
94704122019
94704122059
94704122074
94704122124
94704122443
94704122535
94704122637
94704122708
94704122751
94704122886
94704123189
94704123192
94704123249
94704123624
94704123648
94704123856
94704124037
94704124039
94704124068
94704124107
94704124120
94704124330
94704124449
94704124479
94704124484
94704124735
94704125106
94704125123
94704125375
94704125488
94704125580
94704125587
94704125635
94704125760
94704125937
94704125942
94704126509
94704126539
94704126651
94704126677
94704126930
94704127091
94704127141
94704127162
94704127267
94704127283
94704127377
94704127448
94704127495
94704127512
94704128098
94704128191
94704128358
94704128402
94704128544
94704128598
94704128690
94704128765
94704128795
94704128839
94704128843
94704129048
94704129095
94704129096
94704129329
94704129354
94704129405
94704129616
94704129656
94704129686
94704129919
94704129969
94704130176
94704130256
94704130328
94704130404
94704130673
94704130724
94704130939
94704130987
94704131084
94704131210
94704131326
94704131452
94704131470
94704131663
94704131722
94704131745
94704131762
94704131781
94704131975
94704132149
94704132197
94704132252
94704132284
94704132450
94704132521
94704132605
94704132715
94704132757
94704132918
94704132930
94704133182
94704133209
94704133240
94704133244
94704133246
94704133307
94704133334
94704133379
94704133442
94704133461
94704133579
94704133587
94704133624
94704133688
94704133963
94704134001
94704134057
94704134103
94704134119
94704134143
94704134336
94704134338
94704134360
94704134423
94704134478
94704134581
94704134665
94704134699
94704134743
94704134745
94704134775
94704134898
94704134925
94704134931
94704135029
94704135099
94704135183
94704135673
94704135674
94704135694
94704135798
94704135816
94704135848
94704135934
94704136086
94704136169
94704136445
94704136476
94704136520
94704136641
94704136677
94704136812
94704136830
94704136965
94704137132
94704137187
94704137349
94704137505
94704137522
94704137796
94704137812
94704137855
94704137903
94704138032
94704138121
94704138189
94704138513
94704138543
94704138583
94704138670
94704138688
94704138769
94704138795
94704138990
94704139006
94704139017
94704139058
94704139067
94704139098
94704139116
94704139167
94704139217
94704139465
94704139534
94704139594
94704139683
94704139702
94704139766
94704139945
94704140011
94704140018
94704140022
94704140081
94704140093
94704140228
94704140417
94704140419
94704140548
94704140571
94704140778
94704140844
94704141154
94704141324
94704141377
94704141415
94704141778
94704141825
94704141852
94704141871
94704141878
94704141923
94704141973
94704141978
94704142110
94704142173
94704142221
94704142304
94704142307
94704142453
94704142675
94704142851
94704143068
94704143101
94704143367
94704143404
94704143643
94704143888
94704143904
94704144041
94704144095
94704144099
94704144197
94704144267
94704144277
94704144329
94704144390
94704144448
94704144507
94704144519
94704144711
94704144758
94704144784
94704144828
94704144919
94704144996
94704145066
94704145227
94704145344
94704145387
94704145445
94704145458
94704145501
94704145545
94704145594
94704145630
94704145696
94704145707
94704146142
94704146258
94704146295
94704146347
94704146726
94704146938
94704146944
94704146964
94704146999
94704147012
94704147155
94704147482
94704147559
94704147641
94704147643
94704147687
94704147732
94704147798
94704147953
94704147963
94704148033
94704148059
94704148093
94704148122
94704148433
94704148475
94704148481
94704148590
94704148695
94704148773
94704148834
94704148923
94704149003
94704149027
94704149028
94704149142
94704149231
94704149246
94704149328
94704149581
94704149724
94704149806
94704149905
94704149942
94704149950
94704150421
94704150528
94704150926
94704150957
94704151116
94704151266
94704151336
94704151403
94704151453
94704151506
94704151531
94704151576
94704151591
94704151625
94704151699
94704151755
94704152057
94704152110
94704152118
94704152252
94704152398
94704152455
94704152535
94704152536
94704152538
94704152609
94704152617
94704152659
94704152751
94704152889
94704152896
94704152958
94704152970
94704153155
94704153282
94704153309
94704153359
94704153565
94704153603
94704153605
94704153624
94704153754
94704153832
94704153860
94704153887
94704153899
94704154000
94704154447
94704154568
94704154621
94704154827
94704154906
94704155001
94704155318
94704155332
94704155366
94704155783
94704155867
94704156072
94704156209
94704156482
94704156612
94704156646
94704156713
94704156764
94704156860
94704157069
94704157087
94704157146
94704157212
94704157268
94704157328
94704157542
94704157743
94704157836
94704157898
94704157974
94704158002
94704158198
94704158304
94704158415
94704158486
94704158524
94704158599
94704158688
94704158912
94704158918
94704159113
94704159198
94704159220
94704159230
94704159236
94704159340
94704159373
94704159429
94704159595
94704161068
94704161159
94704161267
94704161411
94704161675
94704161712
94704161781
94704161799
94704161829
94704161949
94704162046
94704162092
94704162255
94704162306
94704162468
94704162480
94704162530
94704162670
94704162783
94704162787
94704163076
94704163085
94704163159
94704163188
94704163190
94704163268
94704163363
94704163384
94704163479
94704163551
94704163587
94704163695
94704163715
94704163787
94704163869
94704164221
94704164328
94704164570
94704164616
94704164638
94704164654
94704164741
94704165007
94704165025
94704165236
94704165591
94704165750
94704165755
94704165793
94704166091
94704166125
94704166157
94704166217
94704166238
94704166416
94704166495
94704166783
94704166795
94704166921
94704166924
94704167072
94704167075
94704167108
94704167136
94704167159
94704167224
94704167730
94704167737
94704167755
94704167786
94704167888
94704168012
94704168013
94704168071
94704168118
94704168228
94704168356
94704168396
94704168487
94704168563
94704168730
94704168856
94704168948
94704168996
94704169080
94704169133
94704169212
94704169605
94704169734
94704170007
94704170025
94704170124
94704170431
94704170441
94704170511
94704170612
94704170793
94704170887
94704170959
94704171076
94704171117
94704171121
94704171273
94704171388
94704171415
94704171429
94704171564
94704171674
94704171696
94704171958
94704172013
94704172068
94704172483
94704172492
94704172542
94704172560
94704172570
94704172588
94704172597
94704172677
94704172694
94704172859
94704172872
94704172902
94704172958
94704173051
94704173073
94704173083
94704173158
94704173238
94704173277
94704173352
94704173887
94704173913
94704174263
94704174287
94704174344
94704174503
94704174551
94704174612
94704174626
94704174752
94704174835
94704174912
94704174969
94704174995
94704175254
94704175284
94704175392
94704175435
94704175495
94704175531
94704175602
94704175712
94704175733
94704175766
94704175773
94704175809
94704176076
94704176281
94704176349
94704176590
94704176622
94704176673
94704176676
94704176691
94704176768
94704176882
94704176945
94704177055
94704177166
94704177410
94704177418
94704177483
94704177595
94704177705
94704177814
94704177864
94704178368
94704178425
94704178497
94704178790
94704178872
94704178894
94704178909
94704179017
94704179030
94704179116
94704179158
94704179250
94704179284
94704179528
94704179572
94704179585
94704179689
94704179818
94704179891
94704179919
94704180152
94704180175
94704180273
94704180330
94704180427
94704180469
94704180537
94704180573
94704180575
94704180793
94704180929
94704181007
94704181029
94704181048
94704181153
94704181224
94704181252
94704181253
94704181338
94704181381
94704181439
94704181489
94704181514
94704181553
94704181592
94704181679
94704181712
94704181751
94704181864
94704182120
94704182152
94704182196
94704182414
94704182671
94704182701
94704183059
94704183349
94704183422
94704183531
94704183543
94704183606
94704183871
94704184012
94704184026
94704184082
94704184214
94704184402
94704184454
94704184544
94704184719
94704184784
94704184804
94704184937
94704184952
94704185054
94704185059
94704185070
94704185071
94704185100
94704185291
94704185380
94704185431
94704185444
94704185592
94704185609
94704186040
94704186107
94704186133
94704186281
94704186295
94704186368
94704186387
94704186409
94704186579
94704186753
94704187028
94704187041
94704187093
94704187205
94704187348
94704187411
94704187445
94704187462
94704187493
94704187514
94704187667
94704187709
94704187804
94704187845
94704187864
94704187886
94704187923
94704187934
94704187955
94704188169
94704188185
94704188194
94704188265
94704188393
94704188441
94704188498
94704188677
94704188758
94704188854
94704188895
94704189013
94704189022
94704189125
94704189140
94704189154
94704189440
94704189614
94704189903
94704189913
94704190185
94704190413
94704190656
94704190665
94704190675
94704190877
94704190949
94704191050
94704191062
94704191124
94704191225
94704191519
94704191624
94704191735
94704191812
94704192034
94704192085
94704192146
94704192231
94704192328
94704192501
94704192701
94704192735
94704192912
94704192936
94704193015
94704193139
94704193288
94704193310
94704193349
94704193495
94704193527
94704193563
94704193624
94704193642
94704193643
94704193704
94704193709
94704193743
94704193746
94704193859
94704193887
94704193918
94704194002
94704194200
94704194220
94704194235
94704194518
94704194534
94704194556
94704194827
94704194840
94704194865
94704194984
94704195036
94704195050
94704195087
94704195131
94704195200
94704195459
94704195549
94704195697
94704195971
94704195981
94704196012
94704196018
94704196028
94704196145
94704196151
94704196152
94704196158
94704196190
94704196244
94704196546
94704196681
94704196704
94704196729
94704196877
94704196890
94704196891
94704197029
94704197034
94704197137
94704197148
94704197174
94704197185
94704197207
94704197364
94704197570
94704197588
94704197598
94704197797
94704198002
94704198375
94704198449
94704198630
94704198651
94704198870
94704198940
94704199015
94704199019
94704199074
94704199095
94704199135
94704199351
94704199388
94704199746
94704199907
94704200031
94704200134
94704200193
94704200246
94704200501
94704200563
94704200714
94704200735
94704200875
94704200925
94704201048
94704201101
94704201116
94704201183
94704201268
94704201352
94704201414
94704201610
94704201686
94704201743
94704201745
94704201831
94704201920
94704201943
94704201953
94704202082
94704202162
94704202184
94704202213
94704202332
94704202349
94704202613
94704202667
94704202795
94704202817
94704202835
94704202931
94704203115
94704203146
94704203285
94704203316
94704203366
94704203630
94704203693
94704203770
94704204066
94704204185
94704204334
94704204467
94704204516
94704204751
94704204839
94704205341
94704205422
94704205464
94704205641
94704205669
94704205690
94704205943
94704206076
94704206159
94704206325
94704206440
94704206891
94704206941
94704206950
94704207064
94704207090
94704207114
94704207137
94704207237
94704207343
94704207569
94704207588
94704207719
94704208032
94704208105
94704208155
94704208210
94704208272
94704208327
94704208342
94704208386
94704208427
94704208434
94704208585
94704208730
94704208742
94704208814
94704209074
94704209219
94704209271
94704209282
94704209314
94704209358
94704209391
94704209403
94704209434
94704209532
94704209723
94704209814
94704209954
94704210116
94704210129
94704210141
94704210228
94704210360
94704210401
94704210463
94704210548
94704210641
94704210792
94704210818
94704211060
94704211219
94704211264
94704211357
94704211462
94704211474
94704211495
94704211694
94704211886
94704211944
94704211975
94704212511
94704212700
94704212959
94704213023
94704213191
94704213447
94704213645
94704213680
94704213691
94704213832
94704213921
94704213950
94704213951
94704214023
94704214169
94704214179
94704214266
94704214292
94704214854
94704214950
94704215113
94704215127
94704215165
94704215339
94704215399
94704215510
94704215570
94704215662
94704215664
94704215786
94704215835
94704215846
94704215866
94704216250
94704216278
94704216283
94704216459
94704216598
94704216613
94704216690
94704216726
94704216864
94704217186
94704217207
94704217220
94704217245
94704217390
94704217391
94704217467
94704217491
94704217498
94704217572
94704217629
94704217716
94704217797
94704217864
94704217926
94704217933
94704218216
94704218233
94704218336
94704218341
94704218385
94704218453
94704218569
94704218593
94704218730
94704218774
94704218832
94704218846
94704218895
94704218958
94704218988
94704219214
94704219223
94704219525
94704219638
94704219706
94704219768
94704219771
94704219994
94704220224
94704220267
94704220350
94704220558
94704220629
94704220709
94704220743
94704220929
94704221133
94704221284
94704221295
94704221327
94704221476
94704221496
94704221556
94704221560
94704221722
94704221813
94704221956
94704221967
94704222038
94704222075
94704222118
94704222248
94704222426
94704222599
94704222619
94704222738
94704222877
94704223078
94704223172
94704223240
94704223463
94704223489
94704223501
94704223541
94704223542
94704223560
94704223653
94704223668
94704223670
94704224044
94704224154
94704224276
94704224359
94704224368
94704224410
94704224697
94704224761
94704224762
94704224783
94704225382
94704225450
94704225521
94704225529
94704225624
94704225719
94704226148
94704226160
94704226217
94704226263
94704226306
94704226419
94704226438
94704226604
94704226718
94704226793
94704226904
94704227193
94704227394
94704227435
94704227508
94704227605
94704227750
94704227975
94704228212
94704228379
94704228387
94704228530
94704228800
94704228879
94704228925
94704229019
94704229030
94704229051
94704229144
94704229182
94704229278
94704229396
94704229406
94704229409
94704229747
94704229762
94704229776
94704229815
94704229826
94704229947
94704229976
94704230030
94704230032
94704230110
94704230210
94704230282
94704230378
94704230465
94704230479
94704230545
94704230564
94704230636
94704230770
94704230796
94704230909
94704230934
94704231152
94704231182
94704231263
94704231352
94704231497
94704231691
94704231838
94704231912
94704231925
94704231952
94704232008
94704232085
94704232099
94704232168
94704232369
94704232400
94704232505
94704232526
94704232640
94704232713
94704232739
94704232740
94704232773
94704232895
94704233124
94704233226
94704233317
94704233340
94704233358
94704233458
94704233642
94704233684
94704233703
94704233811
94704234035
94704234066
94704234236
94704234502
94704234554
94704234596
94704234615
94704234618
94704234825
94704234994
94704235114
94704235147
94704235199
94704235294
94704235325
94704235438
94704235479
94704235482
94704235603
94704235690
94704235863
94704236034
94704236134
94704236156
94704236182
94704236340
94704236645
94704236758
94704236784
94704237383
94704237496
94704237547
94704237584
94704237638
94704237652
94704237760
94704237919
94704237928
94704238089
94704238142
94704238157
94704238171
94704238538
94704238696
94704238889
94704238906
94704238968
94704239062
94704239077
94704239191
94704239226
94704239321
94704239335
94704239493
94704239501
94704239538
94704239561
94704239802
94704239873
94704239917
94704239974
94704239990
94704240101
94704240125
94704240143
94704240216
94704240270
94704240326
94704240410
94704240423
94704240578
94704240606
94704240670
94704240914
94704240917
94704240999
94704241007
94704241501
94704241515
94704241554
94704241804
94704241866
94704241894
94704241904
94704241998
94704242185
94704242234
94704242239
94704242275
94704242326
94704242327
94704242409
94704242431
94704242508
94704242693
94704242794
94704242811
94704242979
94704243007
94704243259
94704243265
94704243274
94704243298
94704243450
94704243621
94704243627
94704243640
94704243896
94704244071
94704244168
94704244325
94704244341
94704244429
94704244482
94704244510
94704244640
94704244710
94704244730
94704244763
94704244814
94704245083
94704245207
94704245269
94704245292
94704245380
94704246242
94704246367
94704246459
94704246590
94704246751
94704246774
94704246794
94704246836
94704246893
94704246988
94704247088
94704247174
94704247227
94704247254
94704247279
94704247354
94704247601
94704247634
94704247788
94704247811
94704247833
94704247901
94704248077
94704248109
94704248121
94704248137
94704248183
94704248355
94704248373
94704248467
94704248612
94704248845
94704248861
94704248875
94704248913
94704249016
94704249080
94704249115
94704249375
94704249380
94704249420
94704249539
94704249542
94704249642
94704249706
94704249777
94704249825
94704249981
94704250099
94704250157
94704250211
94704250320
94704250528
94704250600
94704250932
94704251059
94704251092
94704251095
94704251133
94704251143
94704251220
94704251289
94704251354
94704251447
94704251639
94704251722
94704251787
94704251870
94704251872
94704251912
94704251921
94704251942
94704251958
94704251969
94704251983
94704252027
94704252335
94704252452
94704252470
94704252473
94704252494
94704252544
94704252620
94704252638
94704252670
94704252829
94704253129
94704253139
94704253318
94704253333
94704253563
94704253689
94704253734
94704253755
94704253782
94704253800
94704253885
94704253901
94704253967
94704254158
94704254476
94704254550
94704254596
94704254701
94704254947
94704255016
94704255271
94704255300
94704255345
94704255360
94704255489
94704255545
94704255617
94704255747
94704255799
94704255852
94704255900
94704256051
94704256086
94704256092
94704256152
94704256190
94704256465
94704256467
94704256471
94704256504
94704256532
94704256575
94704256692
94704256720
94704256730
94704256857
94704256904
94704256976
94704257012
94704257312
94704257380
94704257393
94704257514
94704257547
94704257556
94704257582
94704257711
94704257751
94704257899
94704257924
94704257999
94704258024
94704258045
94704258118
94704258138
94704258176
94704258291
94704258294
94704258509
94704258555
94704258651
94704258680
94704258875
94704258942
94704259081
94704259084
94704259289
94704259367
94704259424
94704259562
94704259618
94704259631
94704259723
94704259912
94704259960
94704259978
94704260133
94704260249
94704260267
94704260272
94704260383
94704260464
94704260517
94704260536
94704260574
94704260704
94704260838
94704260904
94704260947
94704261025
94704261026
94704261098
94704261141
94704261180
94704261245
94704261364
94704261467
94704261489
94704261596
94704261703
94704261736
94704261915
94704261930
94704261968
94704262044
94704262067
94704262088
94704262090
94704262241
94704262254
94704262576
94704262601
94704262703
94704262780
94704262943
94704263050
94704263067
94704263178
94704263292
94704263611
94704263954
94704264061
94704264169
94704264632
94704264656
94704264693
94704264800
94704264826
94704265020
94704265186
94704265199
94704265347
94704265357
94704265405
94704265512
94704265532
94704265710
94704266046
94704266408
94704266412
94704266472
94704266545
94704266577
94704266693
94704266697
94704266699
94704266722
94704266778
94704266808
94704267000
94704267035
94704267056
94704267218
94704267368
94704267437
94704267581
94704267644
94704267738
94704267880
94704267912
94704268111
94704268165
94704268173
94704268186
94704268278
94704268324
94704268436
94704268534
94704268542
94704268878
94704268996
94704269069
94704269297
94704269411
94704269563
94704269856
94704269904
94704269921
94704269977
94704270296
94704270347
94704270352
94704270357
94704270480
94704270535
94704270569
94704270640
94704270755
94704270774
94704270811
94704270857
94704271029
94704271071
94704271177
94704271214
94704271259
94704271321
94704271336
94704271389
94704271547
94704271769
94704271803
94704271830
94704271954
94704272048
94704272322
94704272401
94704272764
94704272851
94704272941
94704273017
94704273144
94704273241
94704273282
94704273486
94704273673
94704273732
94704273915
94704274087
94704274175
94704274214
94704274226
94704274441
94704274640
94704274667
94704274944
94704275106
94704275110
94704275319
94704275508
94704275531
94704275551
94704275652
94704275680
94704275765
94704275774
94704275903
94704275933
94704276278
94704276416
94704276440
94704276522
94704276859
94704277006
94704277075
94704277109
94704277394
94704277487
94704277568
94704277630
94704277693
94704277768
94704277805
94704277831
94704277902
94704278084
94704278272
94704278276
94704278406
94704278460
94704278512
94704278579
94704278969
94704279164
94704279253
94704279259
94704279325
94704279336
94704279457
94704279531
94704279539
94704279597
94704279618
94704279689
94704279701
94704279782
94704279822
94704279838
94704279867
94704279991
94704280188
94704280369
94704280377
94704280406
94704280529
94704280587
94704280596
94704280625
94704280683
94704280861
94704280875
94704281084
94704281099
94704281141
94704281202
94704281226
94704281643
94704281723
94704281832
94704281843
94704282007
94704282017
94704282045
94704282106
94704282136
94704282308
94704282438
94704282891
94704283063
94704283097
94704283114
94704283158
94704283233
94704283276
94704283351
94704283454
94704283541
94704283582
94704283654
94704283655
94704283660
94704283847
94704283987
94704284079
94704284097
94704284274
94704284305
94704284311
94704284343
94704284382
94704284487
94704284522
94704284729
94704284767
94704285022
94704285159
94704285348
94704285381
94704285409
94704285771
94704285817
94704285847
94704285852
94704286002
94704286057
94704286059
94704286248
94704286360
94704286397
94704286459
94704286623
94704286721
94704286802
94704286902
94704287135
94704287477
94704287510
94704287544
94704287636
94704287663
94704287785
94704287886
94704287950
94704288065
94704288095
94704288158
94704288327
94704288398
94704288411
94704288738
94704288774
94704288787
94704288912
94704288936
94704289016
94704289118
94704289256
94704289357
94704289358
94704289378
94704289491
94704289506
94704289531
94704289544
94704289574
94704289583
94704289639
94704289712
94704289772
94704289819
94704289949
94704290051
94704290137
94704290203
94704290231
94704290342
94704290469
94704290470
94704290565
94704290832
94704290857
94704290867
94704291058
94704291061
94704291143
94704291194
94704291333
94704291434
94704291525
94704291550
94704291631
94704291691
94704291812
94704291929
94704291976
94704292051
94704292086
94704292089
94704292146
94704292512
94704292748
94704292760
94704292838
94704292875
94704292879
94704292926
94704292927
94704293013
94704293041
94704293144
94704293432
94704293558
94704293710
94704293718
94704293763
94704293807
94704294108
94704294298
94704294406
94704294431
94704294444
94704294554
94704294661
94704294758
94704294862
94704294881
94704294931
94704294972
94704295058
94704295221
94704295415
94704295428
94704295472
94704295532
94704295615
94704295682
94704295716
94704295794
94704295816
94704295843
94704296056
94704296236
94704296291
94704296344
94704296354
94704296395
94704296572
94704296798
94704296818
94704296956
94704296976
94704297088
94704297138
94704297159
94704297295
94704297337
94704297406
94704297645
94704297804
94704297863
94704298063
94704298167
94704298292
94704298416
94704298453
94704298522
94704298623
94704298815
94704298838
94704299011
94704299019
94704299108
94704299305
94704299370
94704299412
94704299568
94704299574
94704299577
94704299603
94704299622
94704299787
94704300053
94704300068
94704300102
94704300214
94704300240
94704300313
94704300419
94704300553
94704300792
94704300830
94704300853
94704300939
94704301288
94704301327
94704301508
94704301538
94704301632
94704301691
94704301874
94704301964
94704302088
94704302252
94704302309
94704302405
94704302542
94704302622
94704302668
94704302673
94704302833
94704302852
94704303038
94704303275
94704303344
94704303407
94704303472
94704303523
94704303652
94704303776
94704303956
94704303988
94704304058
94704304088
94704304126
94704304269
94704304425
94704304441
94704304636
94704304803
94704304812
94704304831
94704304851
94704304903
94704305142
94704305173
94704305220
94704305228
94704305298
94704305612
94704305614
94704305656
94704305696
94704305743
94704305769
94704306074
94704306095
94704306181
94704306278
94704306284
94704306362
94704306367
94704306399
94704306427
94704306436
94704306739
94704307121
94704307250
94704307378
94704307396
94704307618
94704307940
94704308036
94704308155
94704308504
94704308647
94704308694
94704308724
94704308727
94704308800
94704308891
94704308914
94704308917
94704309028
94704309038
94704309066
94704309251
94704309306
94704309531
94704309723
94704309740
94704309948
94704309959
94704310214
94704310436
94704310510
94704310535
94704310643
94704310741
94704310762
94704310811
94704311060
94704311156
94704311373
94704311425
94704311639
94704311674
94704311955
94704312070
94704312190
94704312224
94704312304
94704312319
94704312337
94704312481
94704312487
94704312769
94704313033
94704313047
94704313095
94704313107
94704313184
94704313485
94704313510
94704313630
94704313764
94704313880
94704313895
94704314053
94704314119
94704314136
94704314212
94704314313
94704314349
94704314489
94704314526
94704314592
94704314596
94704314744
94704314908
94704314929
94704315316
94704315360
94704315400
94704315515
94704315759
94704315882
94704315985
94704316179
94704316383
94704316388
94704316451
94704316459
94704316641
94704316648
94704316754
94704316761
94704316871
94704316897
94704316918
94704316921
94704316931
94704316934
94704316966
94704316972
94704317083
94704317191
94704317198
94704317222
94704317262
94704317346
94704317402
94704317422
94704317477
94704317597
94704317988
94704318048
94704318054
94704318219
94704318232
94704318251
94704318425
94704318495
94704318577
94704318602
94704318672
94704318734
94704318739
94704318939
94704319094
94704319116
94704319151
94704319288
94704319387
94704319663
94704319718
94704320071
94704320297
94704320301
94704320394
94704320428
94704320501
94704320503
94704320571
94704320729
94704320766
94704320858
94704320866
94704320991
94704321065
94704321130
94704321131
94704321251
94704321293
94704321314
94704321410
94704321772
94704321783
94704321851
94704321960
94704321972
94704322021
94704322180
94704322295
94704322493
94704322606
94704322637
94704322653
94704322689
94704322703
94704322768
94704323014
94704323061
94704323121
94704323165
94704323193
94704323326
94704323437
94704323530
94704323785
94704323808
94704323817
94704323939
94704323970
94704324385
94704324441
94704324466
94704324470
94704324544
94704324548
94704324553
94704324555
94704324575
94704324639
94704324692
94704324705
94704324967
94704325201
94704325211
94704325438
94704325608
94704325677
94704325741
94704325810
94704325820
94704325962
94704325978
94704325998
94704326000
94704326265
94704326452
94704326564
94704326602
94704326605
94704326759
94704326780
94704326929
94704326938
94704327010
94704327022
94704327069
94704327103
94704327115
94704327117
94704327146
94704327344
94704327361
94704327429
94704327445
94704327473
94704327556
94704327603
94704327637
94704327687
94704327707
94704327732
94704328008
94704328030
94704328083
94704328087
94704328263
94704328370
94704328510
94704328538
94704328573
94704328787
94704329018
94704329022
94704329174
94704329190
94704329265
94704329366
94704329490
94704329612
94704329783
94704329915
94704329923
94704330423
94704330444
94704330609
94704330729
94704330914
94704331041
94704331072
94704331156
94704331176
94704331189
94704331283
94704331385
94704331427
94704331643
94704331730
94704331749
94704331762
94704331842
94704331956
94704331986
94704332035
94704332225
94704332327
94704332368
94704332721
94704332808
94704332892
94704332907
94704332982
94704333039
94704333054
94704333055
94704333063
94704333198
94704333237
94704333286
94704333300
94704333332
94704333411
94704333459
94704333460
94704333597
94704333609
94704333761
94704333803
94704333924
94704334021
94704334169
94704334208
94704334299
94704334351
94704334361
94704335014
94704335035
94704335040
94704335041
94704335144
94704335153
94704335241
94704335317
94704335349
94704335358
94704335409
94704335472
94704335474
94704335726
94704335862
94704335899
94704336154
94704336184
94704336287
94704336423
94704336467
94704336473
94704336492
94704336624
94704336631
94704336757
94704336811
94704336831
94704337029
94704337116
94704337120
94704337295
94704337314
94704337461
94704337471
94704337535
94704337545
94704337559
94704337661
94704337686
94704337793
94704337822
94704337858
94704338107
94704338167
94704338249
94704338320
94704338526
94704338556
94704338628
94704338685
94704338754
94704338771
94704338957
94704339149
94704339195
94704339272
94704339415
94704339618
94704339854
94704339861
94704339878
94704340053
94704340101
94704340287
94704340293
94704340334
94704340467
94704340558
94704340660
94704340702
94704340809
94704341093
94704341112
94704341241
94704341299
94704341363
94704341373
94704341397
94704341476
94704341488
94704341526
94704341676
94704341707
94704341715
94704341738
94704341963
94704341997
94704342120
94704342162
94704342178
94704342399
94704342495
94704342551
94704342852
94704342965
94704343044
94704343094
94704343095
94704343271
94704343294
94704343599
94704343725
94704343783
94704343801
94704344041
94704344181
94704344219
94704344279
94704344455
94704344523
94704344594
94704344599
94704344709
94704344806
94704344833
94704344878
94704345034
94704345105
94704345109
94704345310
94704345329
94704345489
94704345549
94704345620
94704345724
94704345748
94704345768
94704345778
94704345800
94704345959
94704345960
94704346110
94704346113
94704346231
94704346289
94704346290
94704346382
94704346417
94704346439
94704346550
94704346608
94704346658
94704346738
94704346925
94704346958
94704346976
94704346991
94704347022
94704347272
94704347293
94704347319
94704347469
94704347501
94704347681
94704347840
94704347982
94704347995
94704348136
94704348173
94704348328
94704348420
94704348674
94704348691
94704348808
94704348882
94704348894
94704348975
94704348994
94704349128
94704349134
94704349184
94704349348
94704349364
94704349370
94704349495
94704349499
94704349579
94704349754
94704349866
94704349955
94704349963
94704349982
94704349990
94704350020
94704350058
94704350223
94704350250
94704350276
94704350308
94704350355
94704350377
94704350524
94704350695
94704350740
94704350883
94704350960
94704351037
94704351065
94704351073
94704351323
94704351516
94704351632
94704351667
94704351820
94704352146
94704352147
94704352166
94704352189
94704352297
94704352550
94704352610
94704352670
94704352739
94704352776
94704352846
94704352951
94704353151
94704353275
94704353354
94704353362
94704353390
94704353457
94704353467
94704353490
94704353538
94704353557
94704353563
94704353632
94704353861
94704353929
94704354149
94704354202
94704354245
94704354251
94704354382
94704354443
94704354558
94704354718
94704354751
94704354963
94704355171
94704355222
94704355678
94704355705
94704355744
94704355793
94704355814
94704355827
94704355835
94704355855
94704355880
94704356169
94704356181
94704356512
94704356635
94704356840
94704356854
94704356907
94704357082
94704357251
94704357293
94704357376
94704357476
94704357529
94704357669
94704357774
94704357782
94704357898
94704357940
94704358051
94704358198
94704358449
94704358493
94704358554
94704358579
94704358586
94704358921
94704359011
94704359121
94704359350
94704359398
94704359416
94704359446
94704359533
94704359642
94704359916
94704360335
94704360348
94704360436
94704360499
94704360750
94704360859
94704360914
94704361023
94704361033
94704361073
94704361091
94704361136
94704361301
94704361476
94704361537
94704361815
94704361905
94704362168
94704362195
94704362322
94704362348
94704362372
94704362418
94704362532
94704362742
94704363163
94704363328
94704363493
94704363583
94704363594
94704363608
94704363788
94704363897
94704363928
94704363966
94704364059
94704364155
94704364197
94704364205
94704364316
94704364384
94704364405
94704364411
94704364547
94704364640
94704364717
94704364865
94704364880
94704365075
94704365152
94704365180
94704365208
94704365242
94704365378
94704365634
94704365675
94704365792
94704365866
94704365881
94704366156
94704366241
94704366243
94704366287
94704366347
94704366495
94704366509
94704366520
94704366616
94704366880
94704367000
94704367004
94704367016
94704367101
94704367172
94704367498
94704367551
94704367641
94704367644
94704367751
94704367899
94704367902
94704367917
94704368021
94704368322
94704368343
94704368362
94704368368
94704368463
94704368472
94704368524
94704368654
94704368942
94704368974
94704369016
94704369091
94704369123
94704369144
94704369149
94704369191
94704369326
94704369479
94704369535
94704369630
94704369707
94704369768
94704369814
94704370012
94704370016
94704370200
94704370205
94704370277
94704370363
94704370553
94704370605
94704370688
94704370840
94704370892
94704371144
94704371266
94704371356
94704371439
94704371446
94704371528
94704371849
94704372044
94704372326
94704372403
94704372615
94704372714
94704372754
94704372966
94704373003
94704373094
94704373107
94704373186
94704373275
94704373286
94704373524
94704373539
94704373588
94704373843
94704373863
94704373901
94704374180
94704374208
94704374458
94704374646
94704374680
94704374754
94704374782
94704375016
94704375304
94704375347
94704375469
94704375616
94704375652
94704375665
94704375679
94704375686
94704375717
94704375774
94704375859
94704375890
94704375985
94704376045
94704376127
94704376322
94704376324
94704376360
94704376428
94704376470
94704376536
94704376598
94704376620
94704376737
94704376886
94704377012
94704377449
94704377502
94704377852
94704377881
94704378012
94704378051
94704378068
94704378198
94704378206
94704378422
94704378429
94704378436
94704378511
94704378812
94704378923
94704379152
94704379257
94704379487
94704379493
94704379666
94704379696
94704379699
94704379795
94704379813
94704380007
94704380054
94704380094
94704380129
94704380146
94704380229
94704380241
94704380334
94704380634
94704380676
94704380745
94704380862
94704380982
94704380984
94704381209
94704381248
94704381327
94704381547
94704381558
94704381584
94704381770
94704381856
94704381911
94704381962
94704382052
94704382230
94704382278
94704382533
94704382636
94704382696
94704382702
94704382767
94704382785
94704382826
94704382933
94704383059
94704383097
94704383137
94704383363
94704383394
94704383406
94704383762
94704383872
94704383906
94704383962
94704384017
94704384475
94704384599
94704384730
94704384742
94704384804
94704385042
94704385139
94704385187
94704385204
94704385403
94704385422
94704385457
94704385473
94704385529
94704385602
94704385621
94704385643
94704385683
94704385713
94704385807
94704385998
94704386053
94704386113
94704386224
94704386289
94704386306
94704386535
94704386555
94704386578
94704386583
94704386615
94704386721
94704386792
94704386983
94704387083
94704387154
94704387276
94704387292
94704387315
94704387353
94704387358
94704387391
94704387398
94704387461
94704387673
94704387820
94704388009
94704388065
94704388172
94704388320
94704388484
94704388711
94704388831
94704388832
94704388941
94704389061
94704389113
94704389291
94704389500
94704389601
94704389684
94704389687
94704389842
94704389884
94704389972
94704389986
94704390200
94704390492
94704390507
94704390510
94704390523
94704390622
94704390708
94704390871
94704390982
94704391014
94704391057
94704391058
94704391124
94704391153
94704391296
94704391317
94704391383
94704391429
94704391539
94704391613
94704391628
94704391635
94704391810
94704391878
94704391913
94704391965
94704392119
94704392325
94704392415
94704392439
94704392506
94704392660
94704392674
94704392713
94704392827
94704392883
94704392974
94704392975
94704393143
94704393194
94704393398
94704393490
94704393608
94704393630
94704393754
94704393771
94704393820
94704394099
94704394134
94704394159
94704394185
94704394258
94704394268
94704394579
94704394684
94704394726
94704394769
94704394788
94704394819
94704394948
94704394971
94704395018
94704395208
94704395465
94704395592
94704395627
94704395736
94704395782
94704395835
94704395946
94704396004
94704396086
94704396266
94704396276
94704396286
94704396290
94704396293
94704396456
94704396500
94704396558
94704396564
94704396663
94704396722
94704396972
94704396988
94704397112
94704397113
94704397115
94704397172
94704397209
94704397289
94704397316
94704397331
94704397358
94704397370
94704397396
94704397430
94704397458
94704397556
94704397652
94704397837
94704397841
94704397998
94704398016
94704398144
94704398233
94704398288
94704398289
94704398383
94704398402
94704398418
94704398466
94704398687
94704398812
94704398839
94704399030
94704399123
94704399206
94704399447
94704399456
94704399551
94704399946
94704399990
94704400010
94704400400
94704400618
94704400727
94704400928
94704400946
94704401008
94704401031
94704401200
94704401205
94704401374
94704401390
94704401470
94704401527
94704401798
94704401846
94704401864
94704402061
94704402086
94704402231
94704402366
94704402413
94704402619
94704402658
94704402730
94704402921
94704402959
94704403006
94704403048
94704403081
94704403143
94704403303
94704403523
94704403599
94704403704
94704403753
94704403765
94704403933
94704404005
94704404019
94704404106
94704404111
94704404114
94704404145
94704404164
94704404171
94704404231
94704404237
94704404270
94704404370
94704404454
94704404547
94704404663
94704404697
94704404722
94704404880
94704404965
94704404977
94704405056
94704405226
94704405280
94704405343
94704405417
94704405480
94704405525
94704405824
94704405989
94704406008
94704406139
94704406171
94704406253
94704406361
94704406366
94704406387
94704406531
94704406556
94704406627
94704406672
94704406689
94704406797
94704406809
94704406848
94704406868
94704406874
94704406906
94704406907
94704406927
94704407030
94704407195
94704407262
94704407365
94704407381
94704407391
94704407523
94704407544
94704407555
94704407568
94704408122
94704409003
94704409005
94704409036
94704409052
94704409058
94704409173
94704409334
94704409397
94704409423
94704409441
94704409484
94704409755
94704409898
94704410055
94704410063
94704410220
94704410449
94704410485
94704410489
94704410643
94704410737
94704410756
94704410801
94704410809
94704410814
94704411053
94704411067
94704411234
94704411249
94704411366
94704411529
94704411583
94704411670
94704411775
94704411938
94704412007
94704412031
94704412165
94704412184
94704412214
94704412233
94704412234
94704412577
94704412630
94704412732
94704412881
94704412960
94704413077
94704413279
94704413301
94704413327
94704413572
94704413739
94704413818
94704413820
94704413831
94704413869
94704413870
94704413937
94704414094
94704414171
94704414204
94704414212
94704414220
94704414235
94704414258
94704414265
94704414269
94704414328
94704414389
94704414432
94704414470
94704414514
94704414523
94704414547
94704414691
94704414704
94704414772
94704414791
94704414809
94704414868
94704414954
94704415090
94704415149
94704415637
94704415792
94704415830
94704416050
94704416143
94704416149
94704416180
94704416309
94704416404
94704416573
94704416589
94704416667
94704416687
94704416709
94704416849
94704417037
94704417055
94704417093
94704417120
94704417155
94704417201
94704417491
94704417573
94704417947
94704418035
94704418129
94704418233
94704418255
94704418479
94704418817
94704418856
94704418985
94704419040
94704419068
94704419125
94704419139
94704419151
94704419284
94704419383
94704419406
94704419458
94704419610
94704419905
94704419934
94704419962
94704420048
94704420103
94704420235
94704420406
94704420422
94704420460
94704420475
94704420515
94704420592
94704420697
94704420794
94704420900
94704421009
94704421061
94704421138
94704421235
94704421249
94704421507
94704421510
94704421537
94704421552
94704421566
94704421594
94704421636
94704421662
94704421729
94704421756
94704421808
94704422027
94704422262
94704422264
94704422266
94704422316
94704422354
94704422466
94704422503
94704422556
94704422569
94704422619
94704422667
94704422677
94704422838
94704422849
94704422882
94704422890
94704422923
94704423017
94704423205
94704423242
94704423300
94704423303
94704423368
94704423381
94704423397
94704423436
94704423508
94704423650
94704423713
94704423796
94704423797
94704423901
94704424005
94704424061
94704424092
94704424470
94704424544
94704424694
94704424700
94704424884
94704424896
94704424970
94704425281
94704425298
94704425555
94704425614
94704425738
94704425958
94704426099
94704426101
94704426121
94704426157
94704426361
94704426432
94704426464
94704426715
94704426783
94704426784
94704426896
94704426927
94704426987
94704427022
94704427049
94704427064
94704427152
94704427338
94704427485
94704427547
94704427588
94704427598
94704427630
94704427631
94704427709
94704427965
94704428033
94704428065
94704428198
94704428662
94704428663
94704428691
94704428865
94704429025
94704429267
94704429282
94704429362
94704429436
94704429605
94704429847
94704429950
94704430060
94704430159
94704430160
94704430230
94704430376
94704430377
94704430456
94704430582
94704430701
94704430750
94704430767
94704430797
94704430843
94704430879
94704430952
94704431052
94704431118
94704431135
94704431221
94704431260
94704431320
94704431401
94704431426
94704431495
94704431503
94704431573
94704431637
94704431745
94704431888
94704432049
94704432067
94704432112
94704432212
94704432253
94704432298
94704432339
94704432455
94704432753
94704432784
94704433092
94704433100
94704433278
94704433512
94704433521
94704433570
94704433672
94704433675
94704433795
94704433799
94704434146
94704434457
94704434520
94704434634
94704434658
94704434737
94704434841
94704435011
94704435092
94704435232
94704435535
94704435586
94704435924
94704435978
94704436047
94704436140
94704436148
94704436342
94704436377
94704436398
94704436499
94704436545
94704436559
94704436587
94704436653
94704436695
94704436774
94704436973
94704437000
94704437095
94704437156
94704437319
94704437334
94704437348
94704437350
94704437436
94704437516
94704437578
94704437594
94704437769
94704437812
94704437908
94704437927
94704438133
94704438231
94704438400
94704438480
94704438642
94704438665
94704438672
94704438882
94704438971
94704438981
94704439046
94704439236
94704439298
94704439478
94704439518
94704439661
94704439713
94704440086
94704440178
94704440209
94704440266
94704440271
94704440479
94704440588
94704440655
94704440818
94704440908
94704441046
94704441107
94704441218
94704441247
94704441261
94704441284
94704441600
94704441709
94704441901
94704441910
94704441919
94704442086
94704442225
94704442261
94704442381
94704442390
94704442408
94704442435
94704442794
94704442803
94704442832
94704442861
94704442865
94704443118
94704443211
94704443361
94704443367
94704443429
94704443478
94704443480
94704443503
94704443788
94704443905
94704443995
94704444034
94704444085
94704444198
94704444323
94704444365
94704444472
94704444502
94704444511
94704444742
94704444833
94704444864
94704444900
94704445018
94704445155
94704445233
94704445363
94704445386
94704445717
94704445761
94704445808
94704445879
94704445971
94704446098
94704446494
94704446502
94704446615
94704446645
94704446709
94704446739
94704446792
94704446997
94704447109
94704447168
94704447212
94704447218
94704447293
94704447560
94704447699
94704447822
94704447841
94704447856
94704447876
94704447898
94704448042
94704448102
94704448164
94704448267
94704448366
94704448418
94704448489
94704448518
94704448616
94704448859
94704448863
94704448947
94704449066
94704449178
94704449242
94704449339
94704449344
94704449425
94704449507
94704449762
94704449867
94704449903
94704449934
94704450045
94704450169
94704450180
94704450368
94704450483
94704450516
94704450603
94704450636
94704450828
94704451092
94704451120
94704451349
94704451515
94704451647
94704451741
94704451802
94704451814
94704451925
94704451971
94704451991
94704452038
94704452542
94704452649
94704452789
94704452840
94704452865
94704452960
94704452962
94704453059
94704453153
94704453159
94704453306
94704453454
94704453484
94704453673
94704453713
94704453847
94704453978
94704454032
94704454095
94704454183
94704454249
94704454344
94704454360
94704454483
94704454595
94704454711
94704454763
94704454811
94704454862
94704454916
94704454930
94704455105
94704455290
94704455729
94704455821
94704456059
94704456096
94704456098
94704456121
94704456150
94704456243
94704456304
94704456319
94704456325
94704456394
94704456415
94704456560
94704456948
94704457011
94704457058
94704457257
94704457368
94704457379
94704457433
94704457527
94704457665
94704457781
94704458002
94704458114
94704458146
94704458161
94704458186
94704458416
94704458430
94704458514
94704458581
94704458648
94704458728
94704458773
94704458820
94704458986
94704459247
94704459291
94704459302
94704459712
94704459790
94704459814
94704459829
94704459899
94704460359
94704460986
94704461026
94704461196
94704461405
94704461493
94704461576
94704461630
94704461644
94704462081
94704462288
94704462525
94704462596
94704463346
94704463771
94704464136
94704464853
94704465059
94704465120
94704465234
94704465242
94704465521
94704466032
94704466095
94704466142
94704466287
94704467136
94704467423
94704467484
94704467773
94704468529
94704468621
94704468652
94704468810
94704469077
94704469223
94704469300
94704469332
94704469572
94704469668
94704470097
94704470186
94704470287
94704470331
94704470351
94704470669
94704470830
94704470838
94704470883
94704470970
94704470972
94704471134
94704471227
94704471242
94704471250
94704471343
94704471362
94704471374
94704471584
94704471910
94704471986
94704472068
94704472075
94704472130
94704472324
94704472563
94704472735
94704472898
94704473167
94704473373
94704473407
94704473451
94704473604
94704473752
94704473764
94704473996
94704474095
94704474154
94704474310
94704474341
94704474347
94704474516
94704474574
94704474596
94704474904
94704474924
94704474952
94704474960
94704474968
94704475089
94704475364
94704475623
94704475905
94704475944
94704476103
94704476188
94704476213
94704476228
94704476360
94704476524
94704476561
94704476822
94704477064
94704477115
94704477134
94704477165
94704477266
94704477285
94704477361
94704477456
94704477599
94704477685
94704477854
94704478031
94704478042
94704478442
94704478519
94704478674
94704478896
94704479236
94704479351
94704479387
94704479715
94704479987
94704480052
94704480058
94704480070
94704480152
94704480207
94704480250
94704480289
94704480512
94704480708
94704480901
94704480927
94704481124
94704481186
94704481202
94704481452
94704481529
94704481678
94704481834
94704481910
94704481921
94704481929
94704482156
94704482279
94704482317
94704482375
94704482396
94704482416
94704482418
94704482496
94704482504
94704482620
94704482694
94704482703
94704482779
94704482840
94704482965
94704483109
94704483121
94704483154
94704483254
94704483276
94704483341
94704483460
94704483519
94704483681
94704483920
94704483929
94704484049
94704484102
94704484147
94704484229
94704484261
94704484318
94704484420
94704484513
94704484544
94704485244
94704485296
94704485361
94704485464
94704485505
94704485716
94704485721
94704485842
94704485901
94704486212
94704486221
94704486344
94704486446
94704486478
94704486561
94704486640
94704486698
94704486760
94704486818
94704486848
94704487038
94704487079
94704487105
94704487215
94704487338
94704487364
94704487425
94704487555
94704487663
94704487673
94704487746
94704487953
94704488009
94704488185
94704488206
94704488298
94704488326
94704488420
94704488436
94704488483
94704488540
94704488623
94704488654
94704488740
94704488809
94704488817
94704488839
94704488936
94704488958
94704489012
94704489269
94704489287
94704489383
94704489390
94704489420
94704489517
94704489534
94704489591
94704489600
94704489634
94704489669
94704489687
94704489722
94704489790
94704489828
94704489848
94704489971
94704489982
94704489995
94704490028
94704490055
94704490176
94704490320
94704490380
94704490466
94704490541
94704490599
94704490609
94704490698
94704490792
94704490858
94704490862
94704490929
94704491093
94704491309
94704491348
94704491554
94704491618
94704491638
94704491639
94704491879
94704492082
94704492275
94704492287
94704492378
94704492454
94704492519
94704492567
94704492724
94704492733
94704492822
94704493052
94704493070
94704493160
94704493298
94704493616
94704493661
94704493925
94704494009
94704494104
94704494183
94704494356
94704494817
94704494947
94704494994
94704495090
94704495132
94704495308
94704495337
94704495350
94704495363
94704495435
94704495619
94704495687
94704495697
94704495920
94704495971
94704495978
94704496013
94704496205
94704496277
94704496362
94704496546
94704496683
94704496785
94704496842
94704497077
94704497321
94704497378
94704497438
94704497619
94704497685
94704497694
94704497817
94704498005
94704498091
94704498135
94704498161
94704498198
94704498378
94704498387
94704499049
94704499100
94704499203
94704499334
94704499347
94704499357
94704499364
94704499373
94704499403
94704499457
94704499463
94704499486
94704499511
94704499643
94704499748
94704499802
94704499825
94704499911
94704499954
94704500132
94704500140
94704500299
94704500534
94704500628
94704500679
94704500681
94704500710
94704500775
94704500795
94704500865
94704501049
94704501091
94704501130
94704501138
94704501155
94704501216
94704501439
94704501520
94704501604
94704501646
94704501679
94704501683
94704501725
94704501775
94704501790
94704501902
94704501939
94704502104
94704502166
94704502252
94704502312
94704502422
94704502480
94704502494
94704502530
94704502586
94704502593
94704502742
94704502754
94704502780
94704502810
94704502854
94704503098
94704503318
94704503326
94704503359
94704503492
94704503552
94704503583
94704503639
94704503743
94704503784
94704503922
94704504004
94704504010
94704504046
94704504128
94704504244
94704504405
94704504508
94704504660
94704504754
94704504829
94704504841
94704504850
94704504973
94704504981
94704505002
94704505198
94704505252
94704505304
94704505408
94704505433
94704505457
94704505458
94704505544
94704505797
94704506096
94704506239
94704506338
94704506430
94704506501
94704506521
94704506549
94704506573
94704506808
94704506825
94704506882
94704506906
94704506995
94704507095
94704507189
94704507318
94704507332
94704507508
94704507520
94704507556
94704507775
94704507847
94704507961
94704507985
94704508069
94704508097
94704508119
94704508167
94704508255
94704508392
94704508424
94704508442
94704508576
94704508581
94704508650
94704508834
94704508955
94704509034
94704509039
94704509201
94704509207
94704509224
94704509565
94704509694
94704509805
94704509908
94704509940
94704510027
94704510249
94704510251
94704510314
94704510365
94704510446
94704510647
94704510823
94704510861
94704510937
94704510971
94704511046
94704511083
94704511123
94704511177
94704511246
94704511294
94704511299
94704511364
94704511380
94704511430
94704511510
94704511530
94704511579
94704511625
94704511654
94704511666
94704511897
94704511914
94704511926
94704511952
94704512084
94704512099
94704512298
94704512333
94704512368
94704512527
94704512580
94704512621
94704512644
94704512839
94704512857
94704512952
94704513021
94704513176
94704513189
94704513214
94704513224
94704513644
94704513921
94704513962
94704514032
94704514070
94704514109
94704514265
94704514303
94704514312
94704514315
94704514379
94704514470
94704514525
94704514719
94704514840
94704514952
94704515033
94704515235
94704515493
94704515616
94704515682
94704515806
94704515937
94704516010
94704516027
94704516105
94704516134
94704516289
94704516325
94704516350
94704516522
94704516569
94704516581
94704516639
94704516644
94704516652
94704516661
94704517270
94704517346
94704517471
94704517497
94704517524
94704517541
94704517606
94704517626
94704517638
94704517750
94704517763
94704517851
94704517893
94704518033
94704518059
94704518082
94704518186
94704518189
94704518225
94704518247
94704518376
94704518457
94704518510
94704518600
94704518601
94704518620
94704518744
94704518875
94704518940
94704518969
94704519174
94704519177
94704519197
94704519315
94704519357
94704519512
94704519522
94704519591
94704519638
94704519650
94704519945
94704519947
94704519961
94704519969
94704519997
94704520057
94704520358
94704520382
94704520460
94704520618
94704520635
94704520674
94704520738
94704520744
94704520764
94704520821
94704521019
94704521171
94704521379
94704521419
94704521423
94704521507
94704521530
94704521591
94704521757
94704521851
94704521903
94704521974
94704522297
94704522298
94704522317
94704522319
94704522323
94704522446
94704522593
94704522715
94704522753
94704522860
94704523065
94704523119
94704523172
94704523252
94704523339
94704523377
94704523466
94704523535
94704523618
94704523667
94704523728
94704523745
94704523788
94704523789
94704523890
94704523906
94704523972
94704524110
94704524166
94704524251
94704524284
94704524320
94704524458
94704524557
94704524565
94704524678
94704524797
94704524819
94704524851
94704524941
94704525002
94704525033
94704525052
94704525117
94704525141
94704525205
94704525293
94704525336
94704525415
94704525517
94704525561
94704525658
94704525663
94704525840
94704525842
94704526183
94704526314
94704526372
94704526738
94704526767
94704526789
94704526796
94704526823
94704527045
94704527074
94704527225
94704527548
94704527692
94704527854
94704527924
94704527941
94704528004
94704528327
94704528418
94704528443
94704528729
94704528877
94704528908
94704528952
94704529022
94704529069
94704529114
94704529136
94704529375
94704529532
94704529558
94704529723
94704529920
94704530064
94704530071
94704530124
94704530628
94704530703
94704530767
94704530993
94704531019
94704531096
94704531127
94704531285
94704531329
94704531350
94704531423
94704531666
94704531736
94704531747
94704531809
94704531833
94704531866
94704531902
94704531959
94704532099
94704532274
94704532343
94704532422
94704532478
94704532916
94704532999
94704533348
94704533455
94704533494
94704533518
94704533604
94704533698
94704533739
94704533770
94704533809
94704533954
94704534099
94704534142
94704534204
94704534217
94704534278
94704534443
94704534676
94704534919
94704534933
94704534966
94704535161
94704535348
94704535672
94704535784
94704535994
94704536014
94704536130
94704536135
94704536192
94704536228
94704536245
94704536307
94704536352
94704536447
94704536584
94704536587
94704536603
94704536639
94704536676
94704536754
94704536807
94704537219
94704537222
94704537313
94704537333
94704537378
94704537449
94704537470
94704537547
94704537771
94704537784
94704537838
94704537888
94704537916
94704538004
94704538041
94704538057
94704538213
94704538261
94704538402
94704538757
94704538810
94704538858
94704538863
94704538981
94704539213
94704539260
94704539631
94704539653
94704539663
94704539745
94704539891
94704539961
94704540023
94704540026
94704540187
94704540205
94704540311
94704540349
94704540402
94704540466
94704540719
94704541308
94704541508
94704541645
94704541710
94704541828
94704542101
94704542145
94704542237
94704542245
94704542291
94704542302
94704542314
94704542315
94704542356
94704542506
94704542544
94704542546
94704542628
94704542638
94704542797
94704542937
94704543024
94704543044
94704543072
94704543295
94704543297
94704543430
94704543450
94704543609
94704543610
94704543640
94704543730
94704543813
94704543930
94704544000
94704544013
94704544018
94704544164
94704544284
94704544362
94704544367
94704544422
94704544502
94704544546
94704544667
94704544681
94704544724
94704544869
94704544896
94704545010
94704545052
94704545069
94704545239
94704545362
94704545386
94704545405
94704545501
94704545503
94704545547
94704545652
94704545740
94704546066
94704546112
94704546146
94704546148
94704546463
94704546473
94704546476
94704546532
94704546617
94704546643
94704546710
94704546718
94704547046
94704547134
94704547224
94704547231
94704547246
94704547318
94704547334
94704547420
94704547689
94704547775
94704547783
94704547841
94704547912
94704548088
94704548106
94704548206
94704548301
94704548369
94704548542
94704548609
94704548730
94704548784
94704548854
94704548925
94704548932
94704549313
94704549326
94704549330
94704549514
94704549560
94704549744
94704549757
94704549892
94704549893
94704549931
94704550023
94704550120
94704550163
94704550165
94704550186
94704550399
94704550541
94704550605
94704550708
94704550911
94704550913
94704551148
94704551156
94704551231
94704551323
94704551471
94704551499
94704551544
94704551585
94704551652
94704551670
94704551731
94704551799
94704552077
94704552195
94704552284
94704552360
94704552482
94704552600
94704552698
94704552702
94704552788
94704553149
94704553218
94704553317
94704553630
94704553663
94704553745
94704553759
94704553812
94704553973
94704554084
94704554171
94704554222
94704554238
94704554367
94704554373
94704554595
94704554619
94704554658
94704554769
94704554787
94704554893
94704554914
94704555070
94704555131
94704555163
94704555234
94704555527
94704555713
94704555910
94704556098
94704556135
94704556324
94704556509
94704556571
94704556615
94704556711
94704556731
94704556782
94704556834
94704556957
94704556971
94704556999
94704557105
94704557117
94704557201
94704557350
94704557411
94704557542
94704557550
94704557645
94704557792
94704558053
94704558182
94704558224
94704558239
94704558316
94704558346
94704558503
94704558623
94704558971
94704559108
94704559132
94704559142
94704559267
94704559380
94704559431
94704559556
94704559697
94704559876
94704559878
94704560001
94704560037
94704560079
94704560134
94704560140
94704560277
94704560357
94704560420
94704560427
94704560454
94704560581
94704560604
94704560610
94704560621
94704560655
94704560730
94704560745
94704560816
94704560914
94704561115
94704561170
94704561289
94704561330
94704561378
94704561768
94704561822
94704561928
94704561941
94704561973
94704562088
94704562104
94704562164
94704562172
94704562181
94704562184
94704562516
94704562792
94704563022
94704563055
94704563151
94704563206
94704563241
94704563351
94704563394
94704563613
94704563703
94704563830
94704563985
94704564084
94704564106
94704564172
94704564274
94704564317
94704564410
94704564564
94704564577
94704564606
94704564710
94704564876
94704564877
94704564918
94704565006
94704565063
94704565066
94704565087
94704565127
94704565162
94704565235
94704565315
94704565353
94704565379
94704565444
94704565519
94704565567
94704565594
94704565758
94704565801
94704565815
94704565967
94704566013
94704566171
94704566328
94704566542
94704566552
94704566624
94704566667
94704566681
94704566834
94704566954
94704566956
94704567010
94704567014
94704567112
94704567138
94704567176
94704567333
94704567410
94704567418
94704567461
94704567547
94704567583
94704567736
94704567760
94704567766
94704567866
94704567886
94704568024
94704568032
94704568149
94704568275
94704568337
94704568571
94704568666
94704568784
94704568918
94704568920
94704569003
94704569055
94704569204
94704569213
94704569229
94704569239
94704569285
94704569348
94704569445
94704569474
94704569485
94704569550
94704569558
94704569565
94704569713
94704569742
94704569793
94704569961
94704570097
94704570112
94704570213
94704570374
94704570452
94704570542
94704570600
94704570635
94704570648
94704570673
94704570729
94704570951
94704571219
94704571253
94704571261
94704571268
94704571320
94704571397
94704571486
94704571493
94704571646
94704571788
94704571833
94704571922
94704571973
94704571981
94704572067
94704572405
94704572438
94704572462
94704572468
94704572476
94704572500
94704572650
94704572651
94704572736
94704572802
94704572944
94704572971
94704573095
94704573308
94704573353
94704573357
94704573656
94704573776
94704573951
94704574161
94704574185
94704574213
94704574473
94704574719
94704574773
94704574874
94704574939
94704575247
94704575281
94704575311
94704575547
94704575659
94704575702
94704575813
94704575816
94704575888
94704575953
94704575974
94704576011
94704576020
94704576114
94704576188
94704576228
94704576279
94704576352
94704576569
94704576580
94704576803
94704576824
94704576887
94704576914
94704576931
94704577028
94704577042
94704577069
94704577103
94704577107
94704577230
94704577252
94704577274
94704577283
94704577303
94704577364
94704577447
94704577466
94704577488
94704577493
94704577521
94704577523
94704577534
94704577545
94704577561
94704577567
94704577640
94704577680
94704577780
94704577824
94704577856
94704577979
94704577996
94704578082
94704578311
94704578544
94704578602
94704578644
94704578937
94704578963
94704578999
94704579041
94704579077
94704579110
94704579372
94704579430
94704579616
94704579642
94704579666
94704579854
94704579870
94704579881
94704579904
94704580001
94704580012
94704580088
94704580181
94704580262
94704580274
94704580352
94704580438
94704580562
94704580590
94704580612
94704580644
94704580689
94704580835
94704580883
94704580937
94704580966
94704581138
94704581267
94704581325
94704581363
94704581456
94704581507
94704581679
94704581721
94704581760
94704581963
94704582230
94704582233
94704582252
94704582309
94704582463
94704582542
94704582802
94704582839
94704582896
94704583252
94704583361
94704583441
94704583855
94704583875
94704583962
94704584121
94704584128
94704584131
94704584369
94704584462
94704584550
94704584557
94704584757
94704584901
94704584981
94704585164
94704585199
94704585326
94704585341
94704585665
94704585709
94704585756
94704585888
94704585915
94704585943
94704586057
94704586064
94704586095
94704586124
94704586224
94704586290
94704586375
94704586407
94704586557
94704586584
94704586732
94704586822
94704586921
94704586936
94704586952
94704587197
94704587212
94704587250
94704587459
94704587558
94704587634
94704587730
94704587733
94704587749
94704587997
94704588054
94704588071
94704588072
94704588119
94704588443
94704588465
94704588567
94704588864
94704588990
94704589097
94704589156
94704589671
94704589702
94704589720
94704589854
94704589872
94704589895
94704589922
94704589926
94704590136
94704590242
94704590258
94704590315
94704590352
94704590385
94704590470
94704590472
94704590531
94704590569
94704590697
94704590792
94704590891
94704591061
94704591158
94704591179
94704591271
94704591330
94704591406
94704591515
94704591523
94704591599
94704591749
94704591813
94704591830
94704591856
94704591892
94704592018
94704592049
94704592377
94704592408
94704592627
94704592726
94704592737
94704592773
94704592947
94704592973
94704593143
94704593154
94704593176
94704593286
94704593308
94704593366
94704593463
94704593534
94704593573
94704593607
94704593652
94704593703
94704593719
94704593728
94704593763
94704594000
94704594053
94704594064
94704594153
94704594201
94704594267
94704594416
94704594431
94704594521
94704594527
94704594593
94704594733
94704594889
94704594955
94704595199
94704595260
94704595385
94704595460
94704595513
94704595522
94704595688
94704595916
94704595963
94704595974
94704596044
94704596091
94704596233
94704596326
94704596498
94704596684
94704596753
94704596830
94704596927
94704596974
94704596977
94704597286
94704597408
94704597988
94704598008
94704598075
94704598131
94704598201
94704598261
94704598584
94704598589
94704598635
94704598719
94704598722
94704598746
94704599125
94704599180
94704599188
94704599264
94704599367
94704599483
94704599582
94704599647
94704599678
94704599756
94704599918
94704599951
94704599989
94704600091
94704600168
94704600196
94704600236
94704600344
94704600496
94704600526
94704600548
94704600561
94704600563
94704600594
94704600610
94704600614
94704600714
94704600813
94704600825
94704601080
94704601125
94704601167
94704601215
94704601261
94704601361
94704601395
94704601435
94704601611
94704601656
94704601681
94704601818
94704601851
94704601994
94704602062
94704602280
94704602415
94704602637
94704602735
94704602751
94704602799
94704602834
94704602843
94704603252
94704603331
94704603381
94704603429
94704603532
94704603717
94704603772
94704603908
94704603996
94704604025
94704604087
94704604118
94704604408
94704604447
94704604486
94704604613
94704604706
94704604830
94704604865
94704604891
94704604915
94704604978
94704605008
94704605115
94704605254
94704605301
94704605359
94704605494
94704605760
94704605767
94704605775
94704605904
94704605947
94704605954
94704606004
94704606026
94704606215
94704606307
94704606384
94704606387
94704606423
94704606632
94704606796
94704606837
94704606974
94704607014
94704607069
94704607119
94704607252
94704607263
94704607342
94704607346
94704607402
94704607462
94704607591
94704607623
94704607658
94704607873
94704607893
94704607953
94704608111
94704608119
94704608174
94704608405
94704608759
94704608820
94704608844
94704608927
94704608928
94704608938
94704608983
94704608999
94704609257
94704609548
94704609756
94704609845
94704609862
94704609928
94704610221
94704610231
94704610247
94704610358
94704610822
94704610882
94704610900
94704610944
94704610992
94704611026
94704611109
94704611126
94704611345
94704611640
94704611645
94704611793
94704611859
94704612055
94704612085
94704612089
94704612135
94704612292
94704612308
94704612361
94704612450
94704612638
94704612652
94704612703
94704612707
94704612821
94704612886
94704613232
94704613278
94704613297
94704613352
94704613402
94704613434
94704613443
94704613652
94704613715
94704613758
94704613795
94704613811
94704613885
94704614144
94704614193
94704614391
94704614590
94704614863
94704614864
94704615078
94704615116
94704615338
94704615354
94704615396
94704615421
94704615448
94704615592
94704615640
94704615720
94704615762
94704615769
94704615788
94704615824
94704615873
94704615876
94704615951
94704616132
94704616192
94704616502
94704616782
94704616814
94704616879
94704617062
94704617300
94704617412
94704617480
94704617579
94704617674
94704617690
94704617717
94704617733
94704617781
94704617824
94704617956
94704618085
94704618102
94704618120
94704618212
94704618253
94704618362
94704618377
94704618437
94704618462
94704618821
94704618868
94704619112
94704619140
94704619142
94704619144
94704619171
94704619354
94704619383
94704619472
94704619519
94704619695
94704619790
94704619792
94704620039
94704620056
94704620406
94704620556
94704620628
94704620928
94704620948
94704621014
94704621402
94704621421
94704621423
94704621535
94704621771
94704621843
94704621951
94704622134
94704622263
94704622525
94704622567
94704622665
94704622794
94704622895
94704622913
94704623051
94704623221
94704623263
94704623387
94704623392
94704623548
94704623583
94704623693
94704623831
94704623967
94704624056
94704624104
94704624138
94704624253
94704624371
94704624385
94704624416
94704624703
94704625030
94704625211
94704625363
94704625403
94704625502
94704625515
94704625577
94704625627
94704625651
94704625660
94704625820
94704625824
94704625871
94704625882
94704625958
94704626297
94704626724
94704626799
94704626910
94704626957
94704627065
94704627184
94704627232
94704627596
94704627654
94704627748
94704627772
94704627806
94704628079
94704628104
94704628258
94704628403
94704628589
94704628697
94704628722
94704628726
94704628794
94704628820
94704628828
94704628853
94704628993
94704629056
94704629072
94704629084
94704629212
94704629250
94704629409
94704629440
94704629766
94704629802
94704629909
94704629949
94704630121
94704630141
94704630322
94704630393
94704630471
94704630611
94704630668
94704630758
94704630863
94704631040
94704631113
94704631280
94704631306
94704631389
94704631470
94704631512
94704631534
94704631679
94704631692
94704631695
94704631833
94704631858
94704631884
94704631930
94704632006
94704632170
94704632218
94704632308
94704632309
94704632477
94704632498
94704632506
94704632634
94704632726
94704632886
94704632966
94704632967
94704633073
94704633176
94704633313
94704633356
94704633479
94704633506
94704633507
94704633530
94704633726
94704634045
94704634128
94704634176
94704634177
94704634218
94704634222
94704634277
94704634331
94704634350
94704634432
94704634438
94704634457
94704634504
94704634870
94704634948
94704635035
94704635051
94704635097
94704635251
94704635270
94704635402
94704635433
94704635484
94704635516
94704635545
94704635566
94704635657
94704635727
94704636010
94704636231
94704636292
94704636434
94704636451
94704636542
94704636772
94704636919
94704636948
94704636963
94704637265
94704637374
94704637408
94704637444
94704637526
94704637658
94704637692
94704637769
94704637872
94704638053
94704638060
94704638104
94704638111
94704638112
94704638140
94704638220
94704638572
94704638649
94704638665
94704638693
94704638712
94704638742
94704638955
94704638985
94704639040
94704639108
94704639488
94704639683
94704639685
94704639704
94704639962
94704639964
94704640319
94704640479
94704640542
94704640614
94704640699
94704640736
94704640912
94704641014
94704641046
94704641059
94704641167
94704641312
94704641322
94704641367
94704641371
94704641432
94704641618
94704641870
94704641892
94704641946
94704642013
94704642058
94704642195
94704642283
94704642301
94704642456
94704642486
94704642810
94704642857
94704642914
94704642920
94704642950
94704643042
94704643072
94704643078
94704643158
94704643191
94704643287
94704643319
94704643332
94704643335
94704643433
94704643513
94704643691
94704643803
94704644010
94704644194
94704644216
94704644273
94704644496
94704644592
94704644679
94704644690
94704644889
94704645183
94704645201
94704645262
94704645530
94704645752
94704646085
94704646182
94704646466
94704646614
94704646656
94704646730
94704647032
94704647055
94704647144
94704647201
94704647233
94704647257
94704647336
94704647493
94704647685
94704647967
94704647982
94704648016
94704648084
94704648144
94704648178
94704648301
94704648323
94704648328
94704648400
94704648448
94704648455
94704648469
94704648711
94704648761
94704648827
94704648854
94704648916
94704649046
94704649142
94704649193
94704649224
94704649485
94704649501
94704649610
94704649623
94704649669
94704649691
94704649714
94704649724
94704649741
94704649849
94704649865
94704650483
94704650508
94704650749
94704650866
94704650993
94704651141
94704651143
94704651294
94704651422
94704651545
94704651618
94704651651
94704651697
94704651766
94704651821
94704651872
94704651887
94704651929
94704651952
94704652118
94704652125
94704652128
94704652162
94704652179
94704652210
94704652238
94704652378
94704652492
94704652613
94704652619
94704652754
94704653217
94704653233
94704653403
94704653438
94704653579
94704653587
94704653600
94704653630
94704653657
94704653668
94704653717
94704653765
94704653932
94704653996
94704654087
94704654139
94704654228
94704654814
94704654861
94704654954
94704655242
94704655274
94704655324
94704655404
94704655411
94704655427
94704655436
94704655453
94704655533
94704655615
94704655726
94704655729
94704655842
94704655957
94704655993
94704656030
94704656087
94704656338
94704656349
94704656384
94704656489
94704656554
94704656676
94704656798
94704656806
94704656888
94704657040
94704657063
94704657085
94704657438
94704657479
94704657526
94704657569
94704657598
94704657756
94704657889
94704658007
94704658141
94704658233
94704658265
94704658522
94704658645
94704658783
94704658899
94704658928
94704658986
94704659086
94704659159
94704659225
94704659245
94704659315
94704659439
94704659783
94704659793
94704659835
94704659870
94704660031
94704660039
94704660128
94704660139
94704660219
94704660382
94704660468
94704660515
94704660584
94704660620
94704660691
94704660770
94704660786
94704660832
94704660910
94704661175
94704661283
94704661298
94704661325
94704661328
94704661366
94704661453
94704661455
94704661672
94704661790
94704661842
94704661950
94704661997
94704662053
94704662072
94704662303
94704662394
94704662458
94704662564
94704662673
94704662785
94704662902
94704662912
94704662965
94704663031
94704663083
94704663098
94704663198
94704663412
94704663508
94704663522
94704663525
94704663818
94704663852
94704663962
94704663998
94704664025
94704664183
94704664478
94704664742
94704664918
94704665154
94704665192
94704665222
94704665333
94704665406
94704665451
94704665455
94704665470
94704665476
94704665798
94704665807
94704665962
94704665974
94704666047
94704666094
94704666188
94704666197
94704666521
94704666787
94704666818
94704666821
94704667050
94704667052
94704667127
94704667141
94704667184
94704667246
94704667261
94704667353
94704667402
94704667694
94704667819
94704667877
94704667960
94704667994
94704668034
94704668190
94704668191
94704668303
94704668331
94704668337
94704668364
94704668563
94704668573
94704668611
94704668613
94704668645
94704668686
94704668692
94704668741
94704668753
94704668817
94704668872
94704668904
94704668911
94704668938
94704668967
94704669194
94704669240
94704669288
94704669406
94704669441
94704669663
94704669696
94704669709
94704669792
94704669823
94704669870
94704669927
94704669982
94704670096
94704670209
94704670280
94704670316
94704670448
94704670453
94704670517
94704670553
94704670959
94704670976
94704671090
94704671121
94704671210
94704671355
94704671422
94704671424
94704671804
94704671955
94704672389
94704672442
94704672674
94704672753
94704672763
94704672772
94704672899
94704673079
94704673167
94704673417
94704673424
94704673426
94704673457
94704673673
94704673768
94704673782
94704673869
94704673874
94704673932
94704674078
94704674108
94704674179
94704674227
94704674297
94704674368
94704674432
94704674476
94704674556
94704674591
94704674620
94704674689
94704674705
94704674901
94704674963
94704675115
94704675165
94704675316
94704675506
94704675544
94704675642
94704675679
94704675734
94704675752
94704675845
94704676039
94704676064
94704676161
94704676232
94704676247
94704676250
94704676323
94704676350
94704676536
94704676582
94704676762
94704676779
94704676855
94704676864
94704676941
94704677071
94704677179
94704677278
94704677501
94704677520
94704677798
94704677890
94704677897
94704678135
94704678357
94704678394
94704678435
94704678466
94704678552
94704678654
94704678734
94704678833
94704678863
94704678953
94704679004
94704679056
94704679069
94704679352
94704679386
94704679533
94704679583
94704679793
94704679832
94704679869
94704679894
94704679942
94704680093
94704680098
94704680129
94704680137
94704680169
94704680255
94704680607
94704680627
94704680635
94704680684
94704680702
94704680752
94704681045
94704681046
94704681143
94704681190
94704681197
94704681360
94704681368
94704681587
94704681744
94704681756
94704681831
94704681869
94704681943
94704681945
94704682002
94704682018
94704682093
94704682139
94704682244
94704682260
94704682271
94704682354
94704682455
94704682510
94704682514
94704682577
94704682776
94704682940
94704683038
94704683071
94704683126
94704683202
94704683245
94704683259
94704683284
94704683285
94704683433
94704683490
94704683525
94704683579
94704683693
94704683930
94704684008
94704684114
94704684176
94704684193
94704684269
94704684367
94704684406
94704684474
94704684565
94704684628
94704684712
94704684769
94704684882
94704685155
94704685230
94704685310
94704685350
94704685459
94704685532
94704685654
94704685737
94704685806
94704685836
94704685998
94704686048
94704686091
94704686094
94704686208
94704686214
94704686283
94704686364
94704686484
94704686629
94704686703
94704686789
94704686861
94704687029
94704687091
94704687323
94704687425
94704687518
94704687523
94704687656
94704687693
94704687795
94704687914
94704687933
94704687975
94704688050
94704688053
94704688290
94704688570
94704688739
94704688811
94704688914
94704689061
94704689077
94704689104
94704689272
94704689298
94704689320
94704689321
94704689610
94704689653
94704689668
94704689691
94704689704
94704689889
94704689933
94704689961
94704690232
94704690244
94704690254
94704690255
94704690352
94704690414
94704690552
94704690573
94704690574
94704690582
94704690832
94704691006
94704691190
94704691305
94704691307
94704691325
94704691437
94704691450
94704691498
94704691587
94704691616
94704691874
94704691884
94704692017
94704692070
94704692269
94704692329
94704692429
94704692445
94704692587
94704693045
94704693125
94704693231
94704693351
94704693575
94704693603
94704693822
94704694076
94704694104
94704694200
94704694208
94704694216
94704694239
94704694341
94704694395
94704694449
94704694475
94704694490
94704694596
94704694796
94704694822
94704694838
94704694861
94704694936
94704694937
94704694946
94704695134
94704695205
94704695249
94704695312
94704695329
94704695448
94704695472
94704695545
94704695593
94704695689
94704695785
94704695937
94704695999
94704696383
94704696497
94704696671
94704696710
94704696726
94704696812
94704696823
94704697159
94704697220
94704697327
94704697464
94704697483
94704697525
94704697553
94704697585
94704697590
94704697600
94704697709
94704697942
94704698148
94704698345
94704698545
94704698839
94704698909
94704698910
94704699079
94704699176
94704699200
94704699288
94704699290
94704699295
94704699318
94704699410
94704699420
94704699519
94704699544
94704699545
94704699546
94704699581
94704699658
94704699723
94704699750
94704699793
94704699807
94704699958
94704700031
94704700122
94704700170
94704700187
94704700223
94704700266
94704700316
94704700384
94704700480
94704700481
94704700659
94704700774
94704700825
94704700983
94704701035
94704701055
94704701166
94704701185
94704701215
94704701240
94704701272
94704701452
94704701568
94704701569
94704701600
94704701701
94704701748
94704701903
94704701951
94704702001
94704702018
94704702238
94704702271
94704702293
94704702367
94704702430
94704702502
94704702565
94704702581
94704702592
94704702715
94704702803
94704703141
94704703371
94704703525
94704703639
94704703808
94704703889
94704703900
94704703918
94704704172
94704704197
94704704312
94704704365
94704704581
94704704640
94704704656
94704704737
94704704790
94704704904
94704705016
94704705095
94704705136
94704705160
94704705321
94704705358
94704705421
94704705428
94704705490
94704705495
94704705496
94704705808
94704705827
94704705840
94704705942
94704705973
94704706028
94704706076
94704706099
94704706208
94704706254
94704706279
94704706296
94704706613
94704706646
94704706686
94704706869
94704707017
94704707024
94704707183
94704707191
94704707362
94704707393
94704707435
94704707873
94704707912
94704707920
94704707962
94704708061
94704708082
94704708239
94704708298
94704708360
94704708455
94704708578
94704708612
94704708707
94704708736
94704708931
94704709162
94704709308
94704709312
94704709349
94704709423
94704709479
94704709754
94704709799
94704709811
94704709943
94704710079
94704710167
94704710397
94704710433
94704710476
94704710603
94704710711
94704710737
94704711023
94704711127
94704711149
94704711342
94704711539
94704711685
94704711690
94704711716
94704711731
94704711748
94704711843
94704711847
94704712261
94704712327
94704712341
94704712391
94704712419
94704712521
94704712538
94704712573
94704712642
94704712695
94704712764
94704712774
94704712787
94704712877
94704712944
94704713004
94704713018
94704713166
94704713236
94704713241
94704713244
94704713346
94704713582
94704713796
94704713873
94704713906
94704713955
94704714047
94704714251
94704714263
94704714440
94704714441
94704714472
94704714504
94704714563
94704714679
94704714707
94704714727
94704714820
94704714831
94704714849
94704715200
94704715397
94704715409
94704715414
94704715464
94704715480
94704715518
94704715650
94704715654
94704715675
94704715732
94704715812
94704715951
94704716021
94704716158
94704716296
94704716306
94704716596
94704716955
94704717019
94704717203
94704717211
94704717345
94704717635
94704717798
94704717805
94704718158
94704718209
94704718318
94704718434
94704718630
94704718637
94704718691
94704718707
94704718940
94704719163
94704719254
94704719508
94704719578
94704719586
94704719616
94704719644
94704719776
94704719828
94704719915
94704719957
94704720074
94704720310
94704720317
94704720442
94704720484
94704720499
94704720580
94704720588
94704720636
94704720777
94704720862
94704720998
94704721078
94704721155
94704721282
94704721341
94704721600
94704721859
94704721866
94704721916
94704722022
94704722061
94704722108
94704722317
94704722447
94704722454
94704722507
94704722558
94704722595
94704722703
94704722794
94704722846
94704723045
94704723102
94704723163
94704723223
94704723320
94704723604
94704723650
94704723683
94704723785
94704723967
94704724186
94704724199
94704724327
94704724397
94704724436
94704724471
94704724592
94704724655
94704724736
94704724743
94704724888
94704724895
94704724934
94704724973
94704725351
94704725414
94704725603
94704725617
94704725621
94704725639
94704725690
94704725922
94704725929
94704726003
94704726044
94704726102
94704726139
94704726166
94704726175
94704726316
94704726466
94704726478
94704726610
94704726785
94704726804
94704726854
94704726920
94704726984
94704727103
94704727163
94704727234
94704727346
94704727436
94704727539
94704727666
94704727670
94704727743
94704727834
94704728212
94704728315
94704728404
94704728467
94704728834
94704728839
94704728846
94704729081
94704729092
94704729126
94704729137
94704729174
94704729430
94704729453
94704729577
94704729637
94704729687
94704729701
94704729758
94704729957
94704729981
94704730052
94704730116
94704730262
94704730311
94704730371
94704730483
94704730560
94704730591
94704730618
94704730634
94704730769
94704730801
94704730843
94704730880
94704730894
94704730950
94704732093
94704732362
94704732367
94704732526
94704732532
94704732548
94704732672
94704732674
94704732823
94704733076
94704733229
94704733383
94704733421
94704733508
94704733521
94704733542
94704733617
94704733662
94704733669
94704733768
94704733926
94704734040
94704734145
94704734153
94704734292
94704734343
94704734375
94704734430
94704734537
94704734785
94704734867
94704734869
94704734940
94704734977
94704735065
94704735232
94704735407
94704735479
94704735704
94704735726
94704735762
94704735857
94704735873
94704736015
94704736077
94704736172
94704736189
94704736217
94704736383
94704736564
94704736574
94704736597
94704736697
94704736719
94704736730
94704736752
94704736754
94704736794
94704736853
94704736933
94704736994
94704737120
94704737190
94704737348
94704737561
94704737772
94704737824
94704737837
94704737844
94704738118
94704738194
94704738250
94704738396
94704738410
94704738419
94704738471
94704738533
94704738726
94704738880
94704738911
94704738990
94704739126
94704739151
94704739279
94704739326
94704739544
94704739638
94704739797
94704739819
94704739902
94704739943
94704740176
94704740177
94704740209
94704740352
94704740377
94704740423
94704740431
94704740441
94704740611
94704740637
94704740647
94704740682
94704740694
94704740700
94704740733
94704740962
94704741013
94704741071
94704741074
94704741132
94704741180
94704741260
94704741286
94704741402
94704741415
94704741422
94704741428
94704741457
94704741516
94704741807
94704741886
94704742292
94704742346
94704742371
94704742410
94704742458
94704742560
94704742563
94704742573
94704742629
94704742770
94704742780
94704742934
94704743058
94704743178
94704743346
94704743400
94704743449
94704743498
94704743719
94704743734
94704743769
94704743772
94704743828
94704744272
94704744324
94704744461
94704744476
94704744715
94704744727
94704744743
94704744810
94704744823
94704744831
94704744971
94704745030
94704745098
94704745169
94704745386
94704745401
94704745498
94704745656
94704745687
94704745726
94704745729
94704745754
94704745799
94704745886
94704746086
94704746505
94704746582
94704746666
94704746671
94704746932
94704747034
94704747100
94704747284
94704747358
94704747464
94704747600
94704747698
94704747848
94704747966
94704748264
94704748293
94704748345
94704748384
94704748397
94704748439
94704748450
94704748535
94704748604
94704748684
94704748689
94704748705
94704748736
94704748823
94704748962
94704749018
94704749109
94704749475
94704749599
94704749669
94704749707
94704749843
94704749876
94704750015
94704750065
94704750125
94704750313
94704750373
94704750643
94704750686
94704750722
94704750738
94704750804
94704750829
94704750942
94704750998
94704751024
94704751120
94704751325
94704751520
94704751521
94704751845
94704751939
94704752214
94704752343
94704752372
94704752555
94704752566
94704752792
94704752858
94704752945
94704752979
94704753005
94704753103
94704753156
94704753167
94704753347
94704753532
94704753547
94704753558
94704753603
94704753629
94704753666
94704753688
94704754069
94704754193
94704754234
94704754322
94704754374
94704754386
94704754402
94704754412
94704754503
94704754566
94704754600
94704754623
94704754689
94704754719
94704754730
94704754747
94704754844
94704754947
94704754987
94704755140
94704755417
94704755462
94704755662
94704755688
94704755832
94704755843
94704755895
94704756106
94704756118
94704756411
94704756596
94704756612
94704756703
94704756707
94704756807
94704756833
94704756894
94704757005
94704757093
94704757147
94704757150
94704757179
94704757268
94704757361
94704757609
94704757614
94704757680
94704757724
94704757735
94704758065
94704758086
94704758149
94704758209
94704758225
94704758238
94704758298
94704758363
94704758375
94704758404
94704758465
94704758535
94704758624
94704758686
94704758816
94704759227
94704759311
94704759325
94704759401
94704759440
94704759449
94704760027
94704760622
94704761111
94704761155
94704761229
94704761244
94704761281
94704761328
94704761340
94704761393
94704761514
94704761530
94704761658
94704761672
94704761675
94704761677
94704761773
94704761839
94704761883
94704762074
94704762133
94704762202
94704762273
94704762397
94704762536
94704762556
94704762647
94704762650
94704762672
94704762796
94704762891
94704763051
94704763410
94704763576
94704763650
94704763817
94704763853
94704763920
94704764011
94704764086
94704764232
94704764309
94704764469
94704764565
94704764672
94704764674
94704764714
94704764716
94704764840
94704764853
94704764942
94704764979
94704765074
94704765136
94704765201
94704765206
94704765221
94704765254
94704765268
94704765378
94704765588
94704765606
94704765636
94704765759
94704766003
94704766195
94704766228
94704766295
94704766305
94704766402
94704766494
94704766540
94704766600
94704766667
94704766805
94704767053
94704767141
94704767173
94704767211
94704767311
94704767349
94704767357
94704767426
94704767440
94704767466
94704767498
94704767582
94704767583
94704767599
94704767608
94704767695
94704767772
94704768102
94704768110
94704768335
94704768594
94704768768
94704768811
94704768824
94704768929
94704769095
94704769124
94704769181
94704769297
94704769443
94704769568
94704769606
94704769654
94704769710
94704769711
94704769719
94704769883
94704769933
94704769948
94704770091
94704770189
94704770243
94704770411
94704770461
94704770527
94704770532
94704770571
94704770620
94704770661
94704770815
94704770868
94704770899
94704771088
94704771101
94704771146
94704771281
94704771351
94704771393
94704771443
94704771507
94704771571
94704771598
94704771652
94704771735
94704771852
94704771870
94704771888
94704771893
94704772000
94704772145
94704772301
94704772407
94704772531
94704772696
94704772723
94704772836
94704772902
94704772958
94704773015
94704773079
94704773084
94704773090
94704773093
94704773178
94704773258
94704773295
94704773358
94704773366
94704773410
94704773425
94704773459
94704773477
94704773578
94704773696
94704773879
94704773893
94704773926
94704774083
94704774096
94704774186
94704774219
94704774432
94704774534
94704774765
94704774805
94704775116
94704775188
94704775355
94704775469
94704775548
94704775606
94704775670
94704775695
94704775712
94704775757
94704775800
94704775899
94704775912
94704775933
94704776142
94704776147
94704776192
94704776251
94704776436
94704776466
94704776591
94704776774
94704776930
94704776937
94704776949
94704776963
94704776973
94704777160
94704777218
94704777549
94704777572
94704777602
94704777773
94704778012
94704778167
94704778199
94704778255
94704778417
94704778473
94704778489
94704778720
94704778762
94704779024
94704779117
94704779240
94704779248
94704779263
94704779340
94704779438
94704779448
94704779518
94704779641
94704779692
94704779828
94704779848
94704779875
94704780127
94704780354
94704780378
94704780404
94704780509
94704780528
94704780632
94704780842
94704780925
94704780945
94704780950
94704780957
94704780998
94704781099
94704781313
94704781412
94704781423
94704781443
94704781566
94704781668
94704781707
94704781796
94704781841
94704781929
94704781937
94704782027
94704782051
94704782133
94704782143
94704782158
94704782209
94704782353
94704782417
94704782445
94704782457
94704782522
94704782562
94704782626
94704782705
94704782736
94704782902
94704782905
94704782941
94704783018
94704783127
94704783159
94704783200
94704783304
94704783494
94704783504
94704783517
94704783544
94704783664
94704783736
94704783820
94704783976
94704784111
94704784362
94704784458
94704784546
94704784570
94704784585
94704784648
94704784707
94704785027
94704785122
94704785131
94704785262
94704785599
94704785697
94704785707
94704785794
94704785922
94704785952
94704785968
94704785993
94704786049
94704786062
94704786068
94704786110
94704786403
94704786603
94704786764
94704786851
94704786857
94704787462
94704787531
94704787584
94704787774
94704787825
94704787967
94704788009
94704788189
94704788207
94704788647
94704788781
94704788944
94704789188
94704789394
94704789492
94704789496
94704789566
94704789601
94704789779
94704789794
94704789891
94704789944
94704790006
94704790042
94704790128
94704790197
94704790211
94704790228
94704790330
94704790455
94704790462
94704790463
94704790585
94704790726
94704790969
94704791020
94704791039
94704791197
94704791308
94704791382
94704791388
94704791447
94704791539
94704791589
94704791651
94704791703
94704791768
94704792115
94704792182
94704792202
94704792301
94704792340
94704792393
94704792473
94704792501
94704792768
94704792769
94704792821
94704792881
94704793172
94704793280
94704793300
94704793504
94704793552
94704793647
94704793688
94704793801
94704793909
94704794284
94704794334
94704794345
94704794532
94704794611
94704794677
94704794906
94704794929
94704795081
94704795221
94704795255
94704795267
94704795297
94704795353
94704795372
94704795422
94704795432
94704795466
94704795531
94704795562
94704795645
94704795870
94704795872
94704795973
94704796225
94704796238
94704796270
94704796303
94704796402
94704796514
94704796770
94704796912
94704796921
94704797069
94704797234
94704797584
94704797718
94704797745
94704797752
94704797763
94704797768
94704797817
94704797894
94704797949
94704797989
94704798097
94704798103
94704798231
94704798362
94704798385
94704798411
94704798425
94704798523
94704798567
94704798600
94704798662
94704798709
94704798721
94704798759
94704798776
94704799063
94704799094
94704799133
94704799255
94704799451
94704799459
94704799526
94704799545
94704799696
94704799773
94704799818
94704799879
94704800066
94704800157
94704800249
94704800280
94704800468
94704800590
94704800635
94704800669
94704800883
94704800890
94704801047
94704801120
94704801238
94704801291
94704801452
94704801595
94704801669
94704801883
94704801893
94704802056
94704802188
94704802224
94704802263
94704802355
94704802449
94704802480
94704802571
94704802750
94704802779
94704803012
94704803079
94704803088
94704803175
94704803227
94704803363
94704803409
94704803468
94704803491
94704803596
94704803619
94704803658
94704803703
94704803734
94704803777
94704803833
94704803856
94704804009
94704804077
94704804086
94704804159
94704804210
94704804337
94704804349
94704804495
94704804547
94704804760
94704804774
94704804780
94704804894
94704804959
94704804984
94704805019
94704805043
94704805080
94704805084
94704805125
94704805133
94704805140
94704805151
94704805206
94704805357
94704805373
94704805812
94704806038
94704806289
94704806366
94704806426
94704806438
94704806475
94704806476
94704806500
94704806519
94704806691
94704806720
94704806758
94704806877
94704806878
94704806993
94704807049
94704807082
94704807090
94704807149
94704807155
94704807363
94704807430
94704807616
94704807665
94704807898
94704807996
94704808056
94704808057
94704808076
94704808176
94704808400
94704808434
94704808488
94704808680
94704808802
94704808831
94704808841
94704808866
94704808905
94704808972
94704809187
94704809250
94704809362
94704809397
94704809546
94704809697
94704809790
94704809938
94704809988
94704809993
94704810032
94704810150
94704810192
94704810243
94704810247
94704810283
94704810433
94704810477
94704810556
94704810590
94704810636
94704810761
94704810802
94704810949
94704810969
94704810990
94704811023
94704811043
94704811095
94704811158
94704811187
94704811331
94704811370
94704811531
94704811586
94704811663
94704811713
94704811716
94704811722
94704811766
94704811932
94704811991
94704812094
94704812175
94704812291
94704812293
94704812326
94704812345
94704812359
94704812363
94704812390
94704812589
94704812707
94704813050
94704813228
94704813240
94704813445
94704813479
94704813780
94704813880
94704813886
94704814060
94704814161
94704814218
94704814242
94704814417
94704814523
94704814617
94704814743
94704814782
94704814817
94704814847
94704814950
94704814980
94704815081
94704815088
94704815107
94704815195
94704815301
94704815389
94704815446
94704815499
94704815768
94704816137
94704816354
94704816423
94704816458
94704816466
94704816524
94704816684
94704816769
94704816783
94704816853
94704816902
94704816998
94704817145
94704817155
94704817187
94704817374
94704817385
94704817438
94704817486
94704817579
94704817636
94704817673
94704817764
94704817791
94704817893
94704817906
94704817966
94704818021
94704818042
94704818080
94704818224
94704818505
94704818586
94704818668
94704818692
94704818694
94704818762
94704818802
94704818891
94704819004
94704819064
94704819070
94704819102
94704819205
94704819226
94704819517
94704819528
94704819562
94704819649
94704819744
94704820042
94704820317
94704820355
94704820363
94704820611
94704820782
94704820841
94704820981
94704821008
94704821028
94704821089
94704821157
94704821215
94704821255
94704821318
94704821328
94704821471
94704821490
94704821555
94704821664
94704821665
94704821710
94704821786
94704821814
94704821927
94704821970
94704822042
94704822052
94704822055
94704822193
94704822253
94704822346
94704822385
94704822400
94704822473
94704822507
94704822636
94704822639
94704822865
94704822983
94704822992
94704823013
94704823038
94704823351
94704823354
94704823619
94704823640
94704823893
94704823894
94704823909
94704823931
94704824252
94704824613
94704824634
94704824641
94704824688
94704824705
94704824725
94704824758
94704824791
94704824813
94704824852
94704825106
94704825169
94704825237
94704825311
94704825336
94704825434
94704825504
94704825549
94704825574
94704825804
94704825805
94704825855
94704825938
94704825953
94704825979
94704825996
94704826103
94704826239
94704826338
94704826412
94704826425
94704826454
94704826575
94704826594
94704826793
94704826865
94704827104
94704827137
94704827182
94704827229
94704827531
94704827622
94704827719
94704827786
94704827891
94704828063
94704828077
94704828107
94704828151
94704828438
94704828465
94704828561
94704828786
94704828806
94704828836
94704828841
94704828948
94704828970
94704829051
94704829099
94704829145
94704829407
94704829478
94704829607
94704829739
94704829752
94704829820
94704829883
94704829924
94704830059
94704830249
94704830305
94704830330
94704830383
94704830670
94704830719
94704830775
94704830813
94704830827
94704830970
94704831286
94704831294
94704831454
94704831490
94704831519
94704831655
94704831800
94704831863
94704831881
94704831988
94704832189
94704832201
94704832267
94704832376
94704832439
94704832497
94704832608
94704832793
94704832972
94704832991
94704833124
94704833157
94704833205
94704833282
94704833380
94704833451
94704833489
94704833561
94704833576
94704833603
94704834160
94704834202
94704834292
94704834485
94704834505
94704834714
94704834887
94704835003
94704835004
94704835057
94704835096
94704835136
94704835285
94704835483
94704835730
94704835842
94704835951
94704835955
94704835981
94704836046
94704836082
94704836203
94704836322
94704836359
94704836418
94704836513
94704836547
94704836558
94704836932
94704836956
94704837040
94704837045
94704837381
94704837637
94704837672
94704837693
94704837740
94704837978
94704838385
94704838425
94704838482
94704838556
94704838765
94704838787
94704838815
94704838900
94704838904
94704838996
94704839416
94704839748
94704839777
94704839781
94704839860
94704839880
94704839968
94704839977
94704840154
94704840173
94704840215
94704840277
94704840552
94704840558
94704840632
94704840708
94704841026
94704841052
94704841088
94704841160
94704841217
94704841367
94704841406
94704841495
94704841545
94704841586
94704841596
94704841809
94704841853
94704841906
94704841959
94704841971
94704842020
94704842113
94704842181
94704842406
94704842438
94704842468
94704842499
94704842570
94704842766
94704842790
94704842813
94704842818
94704842870
94704843007
94704843122
94704843217
94704843293
94704843322
94704843400
94704843596
94704843604
94704843612
94704843820
94704843854
94704843887
94704843949
94704844050
94704844121
94704844205
94704844509
94704844583
94704844748
94704844880
94704845028
94704845181
94704845217
94704845243
94704845373
94704845403
94704845431
94704845510
94704845654
94704845822
94704845888
94704846198
94704846297
94704846318
94704846507
94704846664
94704846769
94704846818
94704846829
94704846837
94704846851
94704846941
94704846956
94704847081
94704847089
94704847112
94704847123
94704847127
94704847162
94704847376
94704847382
94704847386
94704847438
94704847441
94704847476
94704847667
94704847714
94704847797
94704847803
94704847869
94704847993
94704848036
94704848282
94704848317
94704848393
94704848406
94704848530
94704848568
94704848573
94704848706
94704848791
94704848800
94704848810
94704848992
94704849014
94704849050
94704849191
94704849224
94704849232
94704849286
94704849295
94704849329
94704849448
94704849520
94704849810
94704849848
94704849916
94704849994
94704850007
94704850080
94704850189
94704850199
94704850400
94704850436
94704850486
94704850538
94704850556
94704850700
94704850758
94704850869
94704850977
94704851087
94704851299
94704851433
94704851582
94704851616
94704851653
94704851719
94704851755
94704851903
94704851907
94704851982
94704852261
94704852463
94704852607
94704852659
94704852753
94704852795
94704852894
94704853001
94704853313
94704853340
94704853417
94704853439
94704853475
94704853564
94704853604
94704853838
94704853892
94704854008
94704854216
94704854333
94704854470
94704854480
94704854640
94704854656
94704854889
94704854941
94704855068
94704855089
94704855115
94704855193
94704855258
94704855303
94704855323
94704855527
94704855559
94704855606
94704855634
94704855650
94704855770
94704855773
94704855777
94704856046
94704856064
94704856130
94704856159
94704856186
94704856242
94704856349
94704856566
94704856584
94704856621
94704856665
94704856696
94704856735
94704856839
94704856855
94704856864
94704856872
94704856875
94704856983
94704856996
94704857039
94704857138
94704857187
94704857310
94704857354
94704857505
94704857531
94704857891
94704857894
94704857997
94704858136
94704858272
94704858392
94704858472
94704858655
94704858734
94704858948
94704858984
94704859185
94704859199
94704859241
94704859284
94704859407
94704859496
94704859582
94704859602
94704859626
94704859644
94704859706
94704859781
94704859844
94704859886
94704859964
94704860019
94704860092
94704860100
94704860105
94704860138
94704860161
94704860184
94704860186
94704860202
94704860203
94704860217
94704860276
94704860587
94704860618
94704860813
94704860850
94704860971
94704861206
94704861324
94704861447
94704861465
94704861681
94704861767
94704861791
94704861877
94704862026
94704862059
94704862230
94704862332
94704862374
94704862428
94704862431
94704862437
94704862600
94704862691
94704862976
94704863032
94704863074
94704863371
94704863385
94704863428
94704863505
94704863743
94704863852
94704863963
94704864128
94704864176
94704864186
94704864226
94704864323
94704864444
94704864466
94704864712
94704864741
94704864804
94704864819
94704864875
94704864928
94704865034
94704865328
94704865364
94704865382
94704865409
94704865491
94704865533
94704865548
94704865565
94704865591
94704865625
94704865660
94704865678
94704865884
94704866127
94704866178
94704866413
94704866477
94704866593
94704866604
94704866609
94704866676
94704866733
94704866762
94704866791
94704866802
94704866831
94704866858
94704866994
94704867004
94704867219
94704867411
94704867448
94704867528
94704867677
94704867800
94704867912
94704868040
94704868059
94704868061
94704868350
94704868501
94704868571
94704868676
94704868763
94704868801
94704868933
94704868969
94704869018
94704869121
94704869355
94704869457
94704869480
94704869497
94704869696
94704869762
94704869954
94704870142
94704870317
94704870343
94704870396
94704870476
94704870481
94704870545
94704870551
94704870691
94704870919
94704871066
94704871138
94704871165
94704871192
94704871224
94704871240
94704871271
94704871411
94704871495
94704871584
94704871659
94704871660
94704871681
94704871714
94704871917
94704871971
94704872052
94704872332
94704872385
94704872450
94704872649
94704872685
94704872756
94704872915
94704873533
94704873632
94704873645
94704873680
94704873792
94704873985
94704874102
94704874148
94704874198
94704874243
94704874474
94704874479
94704874533
94704874681
94704874900
94704874915
94704874933
94704875079
94704875136
94704875345
94704875614
94704875696
94704875730
94704875780
94704875992
94704876146
94704876147
94704876262
94704876272
94704876318
94704876417
94704876508
94704876511
94704876557
94704876570
94704876680
94704876767
94704876832
94704876878
94704876904
94704877041
94704877045
94704877201
94704877240
94704877448
94704877572
94704877616
94704877619
94704877743
94704877879
94704877957
94704877998
94704878039
94704878049
94704878075
94704878178
94704878203
94704878395
94704878430
94704878510
94704878727
94704878795
94704878909
94704879044
94704879078
94704879337
94704879499
94704879514
94704879549
94704879572
94704879908
94704880064
94704880131
94704880372
94704880585
94704880849
94704881065
94704881277
94704881283
94704881393
94704881403
94704881511
94704881674
94704881720
94704881790
94704881824
94704881906
94704881951
94704881999
94704882053
94704882586
94704882709
94704882745
94704882799
94704882908
94704883053
94704883100
94704883500
94704883565
94704883777
94704883783
94704883929
94704884017
94704884202
94704884269
94704884284
94704884292
94704884329
94704884395
94704884533
94704884628
94704884711
94704885002
94704885008
94704885367
94704885562
94704885681
94704885779
94704885956
94704885983
94704886037
94704886053
94704886115
94704886229
94704886602
94704886610
94704886673
94704886751
94704886877
94704886885
94704887083
94704887321
94704887364
94704887400
94704887419
94704887554
94704887638
94704887675
94704887854
94704888031
94704888265
94704888268
94704888515
94704888604
94704888648
94704888678
94704888695
94704888732
94704888786
94704888801
94704888912
94704889029
94704889042
94704889172
94704889228
94704889439
94704889632
94704889660
94704889704
94704889769
94704889791
94704889871
94704889962
94704890215
94704890255
94704890349
94704890356
94704890375
94704890507
94704890750
94704890775
94704890834
94704890910
94704891110
94704891125
94704891525
94704891535
94704891920
94704891961
94704892054
94704892081
94704892179
94704892397
94704892416
94704892449
94704892500
94704892548
94704892740
94704892748
94704892817
94704892826
94704892893
94704893152
94704893162
94704893175
94704893188
94704893348
94704893359
94704893423
94704893437
94704893493
94704893865
94704893874
94704893899
94704893992
94704894113
94704894148
94704894248
94704894287
94704894383
94704894409
94704894426
94704894535
94704894567
94704894591
94704894728
94704894856
94704894905
94704895005
94704895121
94704895308
94704895435
94704895437
94704895462
94704895833
94704895849
94704895864
94704895893
94704896059
94704896183
94704896264
94704896289
94704896323
94704896354
94704896399
94704896496
94704896590
94704896611
94704896677
94704896737
94704896882
94704896911
94704896921
94704896999
94704897092
94704897125
94704897484
94704897565
94704897579
94704897640
94704897644
94704897654
94704897714
94704897722
94704897858
94704898008
94704898087
94704898317
94704898446
94704898457
94704898534
94704898568
94704898601
94704898853
94704898873
94704899224
94704899367
94704899488
94704899526
94704899605
94704899614
94704899709
94704899739
94704899783
94704899820
94704899947
94704900030
94704900056
94704900101
94704900297
94704900307
94704900313
94704900373
94704900385
94704900533
94704900762
94704900815
94704900858
94704901205
94704901327
94704901643
94704901729
94704902031
94704902162
94704902296
94704902384
94704902440
94704902524
94704902528
94704902596
94704902625
94704902695
94704902701
94704902725
94704902797
94704902949
94704903212
94704903227
94704903304
94704903365
94704903649
94704903679
94704903848
94704903853
94704903940
94704904022
94704904035
94704904076
94704904106
94704904122
94704904238
94704904562
94704904706
94704904801
94704904829
94704904940
94704904942
94704904968
94704904993
94704905056
94704905158
94704905224
94704905371
94704905379
94704905398
94704905478
94704905635
94704905779
94704905891
94704905899
94704906014
94704906044
94704906121
94704906190
94704906288
94704906290
94704906330
94704906418
94704906471
94704906513
94704906522
94704906693
94704906867
94704906873
94704906961
94704907135
94704907278
94704907339
94704907379
94704907452
94704907465
94704907485
94704907529
94704907636
94704907844
94704907970
94704908039
94704908131
94704908241
94704908323
94704908428
94704908434
94704908608
94704908720
94704908744
94704908800
94704908899
94704908956
94704909012
94704909555
94704909575
94704909666
94704909928
94704909933
94704909983
94704910027
94704910094
94704910149
94704910374
94704910459
94704910497
94704910505
94704910565
94704910702
94704910844
94704910905
94704911023
94704911133
94704911337
94704911599
94704911660
94704911737
94704911924
94704912105
94704912119
94704912530
94704912546
94704912566
94704912758
94704912762
94704912798
94704912824
94704912935
94704913064
94704913071
94704913082
94704913130
94704913142
94704913167
94704913175
94704913216
94704913274
94704913281
94704913322
94704913348
94704913361
94704913839
94704913932
94704913935
94704913936
94704914061
94704914108
94704914481
94704914528
94704914531
94704914592
94704914868
94704914886
94704914938
94704914991
94704915289
94704915326
94704915431
94704915495
94704915601
94704915783
94704915819
94704915821
94704915923
94704915984
94704916077
94704916501
94704916530
94704916546
94704916702
94704916713
94704916801
94704916814
94704916896
94704917059
94704917115
94704917120
94704917465
94704917753
94704917760
94704917813
94704917915
94704917931
94704917953
94704917966
94704918070
94704918097
94704918128
94704918210
94704918305
94704918409
94704918484
94704918580
94704918602
94704918607
94704918848
94704918849
94704918933
94704919107
94704919231
94704919271
94704919321
94704919395
94704919462
94704919500
94704919563
94704919625
94704919664
94704919799
94704919800
94704919806
94704919953
94704920123
94704920129
94704920224
94704920229
94704920271
94704920276
94704920317
94704920452
94704920498
94704920557
94704920741
94704920785
94704920788
94704920855
94704921170
94704921395
94704921727
94704921924
94704921993
94704922017
94704922030
94704922067
94704922141
94704922257
94704922315
94704922371
94704922373
94704922408
94704922481
94704922515
94704922639
94704922650
94704922675
94704922759
94704922817
94704922870
94704922960
94704923086
94704923113
94704923224
94704923243
94704923292
94704923318
94704923403
94704923411
94704923412
94704923425
94704923471
94704923642
94704923660
94704923662
94704923723
94704923737
94704923749
94704923922
94704924116
94704924297
94704924383
94704924482
94704924656
94704924670
94704924684
94704924713
94704924763
94704925353
94704925366
94704925389
94704925499
94704925555
94704925653
94704925686
94704925727
94704925764
94704925772
94704925905
94704926122
94704926177
94704926257
94704926578
94704926610
94704926695
94704926802
94704926810
94704926892
94704926893
94704926896
94704926903
94704927008
94704927009
94704927076
94704927094
94704927188
94704927218
94704927252
94704927400
94704927896
94704928013
94704928100
94704928218
94704928277
94704928593
94704928598
94704928652
94704928696
94704928857
94704928935
94704929004
94704929006
94704929013
94704929030
94704929082
94704929133
94704929425
94704929525
94704929538
94704929823
94704929887
94704929988
94704929990
94704930161
94704930265
94704930479
94704930714
94704930725
94704930751
94704930792
94704930926
94704930937
94704931063
94704931077
94704931139
94704931307
94704931363
94704931415
94704931427
94704931435
94704931448
94704931477
94704931576
94704931754
94704931886
94704931962
94704932059
94704932087
94704932104
94704932108
94704932138
94704932253
94704932330
94704932459
94704932550
94704932669
94704932810
94704932878
94704933002
94704933009
94704933052
94704933148
94704933193
94704933248
94704933277
94704933286
94704933454
94704933514
94704933558
94704933768
94704933813
94704933833
94704933865
94704933994
94704934277
94704934303
94704934483
94704934553
94704934560
94704934846
94704934856
94704934970
94704935352
94704935364
94704935448
94704935648
94704935658
94704935668
94704935711
94704935784
94704935800
94704935865
94704935948
94704936102
94704936106
94704936129
94704936216
94704936313
94704936412
94704936800
94704936845
94704936892
94704937106
94704937180
94704937190
94704937356
94704937413
94704937603
94704937720
94704937897
94704937977
94704938021
94704938091
94704938190
94704938511
94704938535
94704938552
94704938703
94704938737
94704938870
94704938885
94704939072
94704939076
94704939090
94704939141
94704939231
94704939367
94704939404
94704939534
94704939548
94704939596
94704939951
94704940145
94704940168
94704940302
94704940326
94704940358
94704940374
94704940397
94704940426
94704940443
94704940527
94704940614
94704940916
94704941129
94704941134
94704941198
94704941246
94704941270
94704941325
94704941333
94704941471
94704941618
94704941669
94704941742
94704941786
94704941787
94704941896
94704941931
94704941970
94704942002
94704942058
94704942249
94704942275
94704942322
94704942338
94704942366
94704942451
94704942523
94704942681
94704942732
94704942843
94704942889
94704942982
94704942997
94704943024
94704943060
94704943159
94704943191
94704943228
94704943319
94704943537
94704943569
94704944070
94704944072
94704944118
94704944121
94704944130
94704944173
94704944316
94704944376
94704944396
94704944435
94704944586
94704944636
94704944649
94704944675
94704944714
94704944794
94704944830
94704944846
94704944883
94704944956
94704944959
94704944985
94704945008
94704945286
94704945306
94704945354
94704945543
94704945563
94704945599
94704945617
94704945793
94704946017
94704946167
94704946250
94704946428
94704946576
94704946668
94704946684
94704946765
94704946852
94704946886
94704946990
94704947031
94704947082
94704947114
94704947118
94704947257
94704947461
94704947589
94704947623
94704947864
94704948010
94704948021
94704948036
94704948090
94704948192
94704948276
94704948307
94704948402
94704948471
94704948518
94704948558
94704948566
94704948676
94704948809
94704948848
94704949158
94704949242
94704949270
94704949649
94704949700
94704949706
94704949720
94704949727
94704949745
94704949777
94704949896
94704950292
94704950411
94704950562
94704950574
94704950749
94704950896
94704950965
94704951003
94704951034
94704951039
94704951142
94704951183
94704951458
94704951517
94704951555
94704951674
94704951901
94704952007
94704952273
94704952274
94704952584
94704952652
94704952751
94704952823
94704952912
94704953321
94704953345
94704953388
94704953536
94704953664
94704953668
94704953812
94704953847
94704953919
94704953942
94704953998
94704954028
94704954092
94704954097
94704954256
94704954272
94704954405
94704954428
94704954431
94704954643
94704954876
94704954893
94704955046
94704955117
94704955317
94704955386
94704955449
94704955505
94704955903
94704955935
94704955981
94704956121
94704956150
94704956168
94704956180
94704956303
94704956403
94704956547
94704956667
94704956764
94704956767
94704956953
94704957067
94704957335
94704957572
94704957730
94704957887
94704957900
94704957966
94704958049
94704958059
94704958463
94704958470
94704958490
94704958893
94704958960
94704959024
94704959068
94704959103
94704959224
94704959227
94704959299
94704959472
94704959593
94704959717
94704959756
94704960014
94704960206
94704960388
94704960417
94704960492
94704960550
94704960848
94704960940
94704960967
94704960993
94704961079
94704961114
94704961301
94704961355
94704961397
94704961524
94704961600
94704961709
94704961722
94704961851
94704961864
94704961897
94704961993
94704962080
94704962161
94704962186
94704962261
94704962314
94704962456
94704962492
94704962592
94704962715
94704962943
94704963003
94704963016
94704963077
94704963080
94704963202
94704963510
94704963622
94704963890
94704963933
94704964106
94704964224
94704964367
94704964489
94704964511
94704964638
94704964647
94704964672
94704964675
94704964677
94704964829
94704964868
94704964965
94704964984
94704965130
94704965285
94704965337
94704965351
94704965457
94704965566
94704965585
94704965662
94704965680
94704965720
94704965943
94704965948
94704965991
94704966006
94704966039
94704966068
94704966243
94704966298
94704966333
94704966483
94704966684
94704966937
94704967006
94704967090
94704967217
94704967447
94704967600
94704967612
94704967697
94704968070
94704968170
94704968202
94704968307
94704968374
94704968565
94704968566
94704968597
94704968749
94704968806
94704969011
94704969034
94704969059
94704969109
94704969199
94704969315
94704969369
94704969485
94704969556
94704969638
94704969816
94704969881
94704969916
94704969956
94704970073
94704970174
94704970239
94704970305
94704970508
94704970716
94704970939
94704970984
94704971008
94704971016
94704971047
94704971051
94704971081
94704971089
94704971107
94704971165
94704971190
94704971373
94704971418
94704971584
94704971604
94704971698
94704971716
94704971739
94704971780
94704971821
94704971925
94704971942
94704972026
94704972145
94704972169
94704972182
94704972214
94704972217
94704972228
94704972285
94704972510
94704972580
94704972613
94704972790
94704973136
94704973151
94704973159
94704973188
94704973238
94704973303
94704973338
94704973522
94704973552
94704973707
94704973726
94704973953
94704973993
94704974077
94704974215
94704974245
94704974636
94704974637
94704974734
94704974921
94704975087
94704975359
94704975362
94704975549
94704975620
94704975794
94704975859
94704975897
94704976197
94704976239
94704976396
94704976446
94704976558
94704976709
94704976755
94704976757
94704976778
94704976842
94704976939
94704976961
94704977184
94704977313
94704977524
94704977714
94704977861
94704977992
94704978171
94704978373
94704978433
94704978452
94704978490
94704978522
94704978559
94704978586
94704978613
94704978626
94704978659
94704978730
94704978806
94704978834
94704978931
94704978933
94704979050
94704979155
94704979200
94704979402
94704979440
94704979445
94704979589
94704979591
94704979767
94704979896
94704979989
94704980202
94704980302
94704980530
94704980535
94704980589
94704980608
94704980619
94704980648
94704980743
94704980793
94704980891
94704980989
94704981064
94704981096
94704981164
94704981254
94704981286
94704981411
94704981437
94704981601
94704981603
94704981705
94704981732
94704981794
94704981885
94704982107
94704982150
94704982203
94704982290
94704982319
94704982385
94704982388
94704982400
94704982485
94704982524
94704982752
94704982838
94704983111
94704983212
94704983312
94704983430
94704983511
94704983594
94704983831
94704983986
94704984047
94704984096
94704984138
94704984196
94704984317
94704984323
94704984343
94704984360
94704984492
94704984772
94704984852
94704984911
94704985047
94704985095
94704985185
94704985208
94704985237
94704985493
94704985501
94704985528
94704985636
94704985647
94704985741
94704985786
94704985789
94704985807
94704985867
94704985875
94704985898
94704985901
94704986126
94704986203
94704986233
94704986452
94704986464
94704986538
94704986705
94704986755
94704986762
94704987146
94704987237
94704987253
94704987280
94704987337
94704987466
94704987493
94704987584
94704987746
94704987865
94704987940
94704987983
94704987984
94704988011
94704988192
94704988199
94704988279
94704988378
94704988547
94704988800
94704988817
94704988892
94704989200
94704989214
94704989593
94704989743
94704989852
94704990070
94704990083
94704990294
94704990484
94704990485
94704990521
94704990546
94704990740
94704990812
94704991188
94704991268
94704991272
94704991341
94704991382
94704991481
94704991615
94704991626
94704991642
94704991699
94704991741
94704991790
94704991792
94704991909
94704991910
94704992169
94704992376
94704992395
94704992416
94704992568
94704992619
94704992656
94704992684
94704992753
94704992924
94704992926
94704992943
94704992960
94704993125
94704993151
94704993184
94704993328
94704993442
94704993645
94704993746
94704993859
94704993890
94704993933
94704993940
94704994414
94704994536
94704994607
94704994922
94704995098
94704995225
94704995270
94704995288
94704995327
94704995363
94704995510
94704995511
94704995633
94704995788
94704995827
94704995916
94704995939
94704996003
94704996276
94704996299
94704996374
94704996387
94704996488
94704996525
94704996786
94704996809
94704996857
94704996955
94704997055
94704997116
94704997138
94704997159
94704997164
94704997184
94704997198
94704997660
94704997683
94704997704
94704997900
94704998044
94704998101
94704998166
94704998252
94704998358
94704998504
94704998685
94704998733
94704998817
94704998958
94704999039
94704999051
94704999121
94704999190
94704999206
94704999237
94704999288
94704999440
94704999448
94704999503
94704999642
94704999810
94704999954
94704999956
